route_id,direction_id,stop_id,stop_sequence,mean_delay,n_obs,stop_name,boardings,alightings,total_b_a,geometry,spacing_ft
22,0,60329,3,79.4,30,El Camino & Palm,12.793263517528224,3.426026751026751,16.21929026855498,POINT (6079055.87151292 1986640.97191715),697.200341665931
22,0,60330,4,56.56666666666667,30,El Camino & Galvez,66.45979102596746,7.4282283892578,73.88801941522533,POINT (6079788.22634742 1985807.8761424),352.11858371274633
22,0,60331,5,15.366666666666667,30,El Camino & Sam McDonald,4.579659882601059,0.2625,4.8421598826010595,POINT (6080518.11694799 1984980.67143197),372.14417119376935
22,0,60332,6,-25.566666666666666,30,El Camino & Churchill,4.251791101055807,1.0556489262371618,5.307440027292967,POINT (6081284.45957541 1984093.84840249),309.0882202075257
22,0,60333,7,-63.56666666666667,30,El Camino & Serra,14.807890557155256,3.132273690361927,17.94016424751717,POINT (6082149.76788417 1983118.26636414),380.3849554776943
22,0,60334,8,-107.36666666666666,30,El Camino & Oxford,6.582965727083374,8.09194220811868,14.674907935202054,POINT (6083068.09708424 1982066.03356048),444.8889549368415
22,0,60335,9,-88.0,30,El Camino & California,104.72777900204368,45.388473209796736,150.11625221184042,POINT (6083824.35869507 1981339.69413389),316.1872422791411
22,0,60336,10,-8.612903225806452,31,El Camino & Page Mill,71.98633047279519,18.622602534067234,90.60863300686248,POINT (6085022.45013091 1980516.03895706),461.8969210712214
22,0,60337,11,-25.774193548387096,31,El Camino & Hansen,19.66011594614536,5.938856405032873,25.598972351178233,POINT (6086134.1431175 1979763.50437289),403.5274740434727
22,0,60338,12,-39.83870967741935,31,El Camino & Matadero,13.394566462948818,11.32767893870835,24.72224540165715,POINT (6087064.91619033 1979142.36060207),336.19148322458864
22,0,60339,13,-56.645161290322584,31,El Camino & Barron,18.257159996865877,17.555385872297638,35.81254586916349,POINT (6087694.06945957 1978711.50221181),409.3896035521072
22,0,60340,14,-76.41935483870968,31,El Camino & Los Robles,20.75738722062251,13.965986382898148,34.72337360352065,POINT (6088605.43377858 1978089.29413864),474.81815820308884
22,0,60341,15,-84.12903225806451,31,El Camino & Vista,16.23884114251761,11.142951329716034,27.38179247223364,POINT (6089308.15218942 1977359.31069048),854.9607620064413
22,0,60342,16,-107.16129032258064,31,El Camino & Maybell,12.098414167531812,11.750090432443372,23.848504599975172,POINT (6089784.94716758 1976597.58025856),353.4782293021264
22,0,60343,17,-82.41935483870968,31,El Camino & Arastradero,66.26076929606343,36.60595572727924,102.86672502334268,POINT (6090330.29056507 1975716.68208598),248.33218322578216
22,0,60344,18,-127.96774193548387,31,El Camino & Dinah's Court,7.882565473741944,6.466390227419639,14.34895570116158,POINT (6091084.04069799 1974505.17105757),456.8368546143106
22,0,60345,19,-161.8709677419355,31,El Camino & Los Altos,17.304406214700336,12.014651769798824,29.319057984499157,POINT (6091730.27234517 1973724.88488849),324.425211412117
22,0,60346,20,-137.80645161290323,31,El Camino & San Antonio,51.53281767252355,120.62063492063496,172.15345259315845,POINT (6093073.72405457 1972486.49071173),539.2204359530335
22,0,60347,21,-112.18518518518519,27,El Camino & Showers,328.27674041644633,179.51026032790733,507.7870007443535,POINT (6093922.88508591 1971893.94432464),376.6458056769816
22,0,60348,22,18.133333333333333,30,El Camino & Jordan,7.810090399796279,4.870328690916927,12.680419090713205,POINT (6094639.037525 1971471.58722973),174.837415878485
22,0,60350,23,-4.266666666666667,30,El Camino & Rengstorff,18.330620196796666,13.487294160088275,31.817914356884945,POINT (6095560.78240067 1970940.11749214),331.7691128026024
22,0,60351,24,-42.13333333333333,30,El Camino & Clark,81.18413694148988,54.01700627803568,135.20114321952553,POINT (6097614.33472399 1969751.6936879),701.6086947473268
22,0,60352,25,-24.6,30,El Camino & El Monte,53.274804443922115,54.391662177691565,107.66646662161372,POINT (6098283.234961 1968971.18212557),349.37579727584597
22,0,60353,26,-53.2,30,El Camino & Pettis,18.30276047481929,15.25701096289331,33.5597714377126,POINT (6099259.03287816 1968209.1357494),1134.5781397638063
22,0,60354,27,-37.53333333333333,30,El Camino & Miramonte,17.46030138162491,18.68231074481074,36.142612126435665,POINT (6100504.47690958 1967409.41195515),786.431363116898
22,0,60355,28,-62.464285714285715,28,El Camino & Castro,168.81013390204564,86.6447938499409,255.45492775198665,POINT (6101792.86015958 1966567.14198615),642.457846990297
22,0,60356,29,-29.866666666666667,30,El Camino & Bonita,4.282437660378835,5.626387501387501,9.908825161766345,POINT (6102631.83289108 1966037.68175898),491.07902180111677
22,0,60357,30,-36.8,30,El Camino & Phyllis,6.102028771881712,10.64077140180081,16.74280017368253,POINT (6103461.75839658 1965504.03059532),322.0352611452531
22,0,60358,31,-63.93333333333333,30,El Camino & Bay,30.61481312804842,31.408208703061643,62.02302183111008,POINT (6104243.33262083 1964996.34591514),251.5479219625454
22,0,60359,32,-19.666666666666668,30,El Camino & Yuba,53.22422381540027,27.45103246426776,80.67525627966803,POINT (6105065.82572649 1964518.22154331),323.353229733346
22,0,60360,33,-58.0,30,El Camino & Americana,34.00414005928712,36.95874615580497,70.96288621509214,POINT (6107556.51628317 1963262.77785999),799.5881457718764
22,0,60361,34,-92.96666666666667,30,El Camino & Knickerbocker,137.08336393998158,113.35882540661946,250.4421893466012,POINT (6109107.41245958 1962470.7377774),589.1824030526926
22,0,60362,35,-97.9,30,El Camino & Grape,30.45862111744465,20.89324450059744,51.35186561804208,POINT (6110600.66833133 1961877.84395006),438.2684703392574
22,0,60363,36,-78.63333333333334,30,El Camino & Mary,43.69755350858293,20.53046038928391,64.22801389786682,POINT (6111986.994955 1961458.31821431),404.06002400267073
22,0,60364,37,-131.48275862068965,29,El Camino & Hollenbeck,50.8587937389408,25.220045232545235,76.07883897148601,POINT (6113683.74123341 1960931.78449048),696.3901156759885
22,0,60365,38,-87.51724137931035,29,El Camino & Mathilda,27.13456151691444,24.43306350512232,51.5676250220368,POINT (6115291.65140341 1960407.54439723),513.0608260634144
22,0,60366,39,-65.71428571428571,28,El Camino & Sunnyvale-Saratoga,206.28874320124325,164.68905767435172,370.97780087559505,POINT (6116676.92356725 1959666.36608957),499.1040003197975
22,0,60367,40,-35.3448275862069,29,El Camino & Cezanne,23.049244627921095,32.44618273882979,55.49542736675088,POINT (6117471.32945874 1958816.19095264),231.68643860773966
22,0,60368,41,-14.137931034482758,29,El Camino & Remington,145.21370475929297,111.41277954072068,256.6264843000138,POINT (6118673.10822317 1957526.05967465),534.1027642818548
22,0,60369,42,-91.55172413793103,29,El Camino & Maria,29.190325116060404,24.242000646412407,53.432325762472814,POINT (6120618.29691808 1955448.27446015),864.2414870643023
22,0,60370,43,-78.41379310344827,29,El Camino & Wolfe,112.46525019098544,87.78768110973994,200.2529313007254,POINT (6121797.77159324 1954414.28276172),465.100109692323
22,0,60371,44,-82.75862068965517,29,El Camino & Poplar,12.13772518331342,22.126236263736264,34.26396144704968,POINT (6123531.66445091 1954188.56208456),551.9748702960962
22,0,60372,45,-81.36666666666666,30,El Camino & Henderson,32.68974979269098,44.6276805710629,77.31743036375387,POINT (6124368.98495474 1954176.17923531),267.0770924268631
22,0,60373,46,-101.36666666666666,30,El Camino & Halford,170.8955093925682,123.51772288169347,294.4132322742616,POINT (6126103.48575082 1954168.01127264),533.9424847126677
22,0,60374,47,-66.24137931034483,29,El Camino & Flora Vista,107.6177099044746,58.93512639321462,166.5528362976892,POINT (6127859.74831441 1954175.62936765),538.1105063994628
22,0,60375,48,-83.17241379310344,29,El Camino & Pomeroy,29.98717565114624,25.750223387723388,55.737399038869626,POINT (6129689.63244991 1954151.60316898),537.8242366579815
22,0,60376,49,-79.65517241379311,29,El Camino & Calabazas,9.968058412176056,7.593317221993691,17.56137563416976,POINT (6130589.70676525 1954136.95851323),302.71565959859277
22,0,60377,50,-103.89655172413794,29,El Camino & Alpine,23.26870123340712,24.09002998635351,47.35873121976061,POINT (6131271.52429925 1954126.16063456),242.71120436126327
22,0,60378,51,-115.03846153846153,26,El Camino & Kiely,196.48269214445685,130.36642018112605,326.8491123255829,POINT (6132551.84457324 1954093.54947931),304.0015805129434
22,0,60379,52,-64.24137931034483,29,El Camino & Bowe,10.319162700045052,12.404778309925373,22.72394100997042,POINT (6133486.98574758 1954090.46451172),314.44293399560047
22,0,60380,53,-62.827586206896555,29,El Camino & San Tomas,10.407866806396218,10.139489758607406,20.54735656500362,POINT (6135171.88428067 1954071.27491756),500.13999576610826
22,0,60381,54,-59.63333333333333,30,El Camino & Los Padres,11.474459445782967,19.83634600693424,31.310805452717215,POINT (6135996.88164641 1954051.7959539),266.90609937129193
22,0,60382,55,-74.4,30,El Camino & Scott,193.24662225029863,153.86541522203285,347.1120374723316,POINT (6137030.32478949 1954033.09290731),268.56960525382374
22,0,60384,56,-69.93103448275862,29,El Camino & Jefferson,21.162577700077694,15.46104459266224,36.62362229273993,POINT (6139245.46143533 1954013.89347064),776.3576905772194
22,0,62743,57,-79.82758620689656,29,El Camino & Monroe,24.71363318054494,54.9869165964754,79.70054977702036,POINT (6140195.74759249 1954350.55355848),228.9383901172045
22,0,60020,58,-77.82758620689656,29,El Camino & Lafayette,40.89098589319178,57.43808699470464,98.32907288789644,POINT (6141651.00288408 1954992.24617273),491.65501921989056
22,0,60001,59,-64.42857142857143,28,Santa Clara Transit Center,152.88002234693408,110.8522497110732,263.73227205800725,POINT (6144099.62758 1954225.5200159),922.4855360707079
22,0,60393,60,30.103448275862068,29,El Camino & Accolti,9.106983131247835,5.023334671864084,14.130317803111916,POINT (6145152.67993583 1952830.35056214),468.3090675360337
22,0,60394,61,0.6551724137931034,29,El Camino & Bellomy,5.038914272002508,4.354361977891391,9.3932762498939,POINT (6145112.05239241 1952075.73330498),964.4936055566095
22,0,60395,62,-9.275862068965518,29,El Camino & The Alameda,40.14578795387619,18.193791584232763,58.33957953810892,POINT (6145008.88429166 1951224.11821032),724.6561375508484
22,0,60397,63,-35.62068965517241,29,The Alameda & Newhall,39.26377641965878,15.97494441832677,55.238720837985554,POINT (6146329.00993225 1950686.1137089),451.46769281427214
22,0,60398,64,-61.724137931034484,29,The Alameda & McKendrie,14.479637029637033,9.542597924950863,24.022234954587887,POINT (6147715.53865525 1949942.14898948),444.1490895720424
22,0,60399,65,-70.86206896551724,29,The Alameda & University,21.240953001247124,4.630291358967829,25.871244360214934,POINT (6148268.44995099 1949343.8250549),291.4800300025046
22,0,60400,66,-85.51724137931035,29,The Alameda & Naglee,160.79183879845644,129.70788231376463,290.49972111222115,POINT (6148984.787101 1948553.67702889),334.019610285414
22,0,60401,67,-64.03448275862068,29,The Alameda & Fremont,11.767833636951286,6.770595091183327,18.538428728134612,POINT (6149811.12042208 1947670.48292914),352.9126232128129
22,0,60402,68,-103.3103448275862,29,The Alameda & Hester,9.997135054487996,9.60513987646341,19.60227493095141,POINT (6150347.347368 1947097.21701531),262.72472063729407
22,0,60403,69,-131.32142857142858,28,The Alameda & Hanchett,120.07972232016344,68.30533192297897,188.3850542431425,POINT (6150818.96880008 1946595.94603623),193.34582126930468
22,0,60404,70,-110.17241379310344,29,The Alameda & Keeble,26.69430185827245,15.19754714240008,41.89184900067254,POINT (6151799.86447608 1946255.60550956),310.76175141225383
22,0,60406,71,-149.41379310344828,29,The Alameda & Bush,124.0449915280798,49.44671651877535,173.49170804685514,POINT (6153200.88267142 1946316.46759257),461.5433419977572
22,0,60408,72,-154.6551724137931,29,Santa Clara & Montgomery,201.4695195327548,133.47078999431943,334.9403095270741,POINT (6154169.72161299 1946352.91929132),310.4364173769736
22,0,60409,73,-148.55172413793105,29,Santa Clara & Delmas,30.742836003865417,11.790996666731958,42.53383267059741,POINT (6154781.8719635 1946376.53013648),193.29676701239623
22,0,60410,74,-191.6551724137931,29,Santa Clara & Almaden Blvd,113.77992889463488,90.20796638002528,203.9878952746602,POINT (6156121.946055 1947090.27149114),445.51274834846646
22,0,60411,75,-189.55172413793105,29,Santa Clara & Almaden Ave,42.25636854975093,43.99206071706072,86.24842926681168,POINT (6156523.88783641 1947331.17258415),95.9615414700705
22,0,60412,76,-147.07142857142858,28,Santa Clara & 1st,527.7515366169779,488.0801242058595,1015.8316608228376,POINT (6157574.84144317 1947946.23861124),449.62346051874016
22,0,60413,77,-26.689655172413794,29,Santa Clara & 6th,2008.3313936880124,1159.265020110608,3167.5964137986184,POINT (6158928.50802717 1948704.70395781),436.01436494100227
22,0,60414,78,25.357142857142858,28,Santa Clara & 7th,271.7836664152841,105.29960815328468,377.0832745685686,POINT (6159225.73249833 1948886.74690081),108.49689294122119
22,0,60415,79,16.178571428571427,28,Santa Clara & 11th,75.57082557964911,82.57483064321302,158.14565622286207,POINT (6160682.18627833 1949721.3400479),530.9580819186837
22,0,60416,80,14.035714285714286,28,Santa Clara & 13th,21.590851713645833,34.090892196039256,55.681743909685075,POINT (6161161.25815482 1949993.21614456),108.92894988280253
22,0,60418,81,-5.107142857142857,28,Santa Clara & 17th,74.73168653242185,195.31395124483353,270.04563777725554,POINT (6162125.66469058 1950549.64613406),397.4280467022063
22,0,60419,82,-27.344827586206897,29,Santa Clara & 21st,39.46239340724635,99.70948895875364,139.17188236600006,POINT (6163225.61327808 1951192.6107274),386.7524395222068
22,0,60420,83,-43.172413793103445,29,Santa Clara & 24th,95.10504046606988,123.49301597095712,218.59805643702703,POINT (6164064.792374 1951680.29938456),294.55200335655206
22,0,60421,84,-44.62068965517241,29,Santa Clara & 28th,74.42689051144936,80.74733183483178,155.1742223462811,POINT (6165083.9655325 1952252.78281964),371.01078687599926
22,0,60422,85,-45.86206896551724,29,Alum Rock & 33rd,18.669426815015058,69.65748524351467,88.32691205852973,POINT (6166597.53140299 1953121.81290573),527.470881755901
22,0,60035,86,-30.25,28,King & Alum Rock,149.6079740520917,157.93623590461826,307.5442099567101,POINT (6167727.93202934 1953654.17929506),357.737737571383
22,0,60036,87,-25.17241379310345,29,King & San Antonio,36.41845597213243,38.469836536013005,74.88829250814545,POINT (6168552.89461824 1952565.84026439),496.43418743427765
22,0,60037,88,-2.4285714285714284,28,King & Hermocilla,31.49515745692216,45.19827256077254,76.69343001769472,POINT (6169311.51383591 1951509.07203673),318.64370703624513
22,0,60038,89,56.535714285714285,28,King & Virginia,42.71691592721005,39.129301907243104,81.84621783445313,POINT (6169685.78277241 1951032.84103382),187.3362998441902
22,0,60039,90,140.82142857142858,28,King & Chaucer,7.6658749746985055,55.93615698027465,63.60203195497317,POINT (6170520.0294635 1949891.63006164),720.6632599744152
22,0,60040,91,290.60714285714283,28,King & Story,238.76370598355896,288.76921322141914,527.5329192049778,POINT (6171451.19098699 1948671.12922181),667.9631635347071
22,0,60041,92,307.42857142857144,28,King & Christopher,14.65468967307202,32.62560495060496,47.280294623676994,POINT (6172153.21582967 1947748.16715698),372.42901978164605
22,0,60042,93,260.85714285714283,28,King & Miami,14.260536032594851,40.486832856685794,54.74736888928064,POINT (6173065.8275215 1946541.82704999),380.40350675905324
22,0,60043,94,249.28571428571428,28,King & Havana,32.23416599740129,92.4745754245754,124.70874142197668,POINT (6173718.85771149 1945682.60337473),358.39518996272005
22,0,60044,95,222.71428571428572,28,King & Cunningham,34.016051921934285,85.34431279504811,119.36036471698232,POINT (6174381.73663507 1944817.79375264),388.174323746044
22,0,60045,96,189.71428571428572,28,King & Waverly,12.776400396988633,73.79196685667273,86.56836725366134,POINT (6175216.58568716 1943732.43798374),360.02225133351953
22,0,60046,97,190.21428571428572,28,King & Seminole,14.793383087500736,107.29635519709048,122.0897382845912,POINT (6175719.71525833 1943079.67649397),239.8368238472347
22,0,60047,98,258.85714285714283,28,Tully & King,21.700355496756423,147.8202036053042,169.5205591020606,POINT (6176321.56280792 1942660.39682072),249.6536346934409
22,0,60048,99,289.5,28,Tully & Brahms,6.545140725287782,43.09321323241604,49.63835395770383,POINT (6177169.52272616 1943357.01681857),413.00777601224877
22,0,60049,100,312.7857142857143,28,Tully & Quimby,14.747801390216257,67.96769039783744,82.71549178805371,POINT (6177953.14681508 1944010.50960606),239.16871885257044
22,0,60050,101,295.85714285714283,28,Tully & Eastridge Way,0.7307692307692306,8.52773200741467,9.258501238183902,POINT (6178588.27776267 1944529.19787315),276.10169940326665
22,0,65707,102,243.67857142857142,28,Tully & Capitol,2.7082711406240825,45.99602485577721,48.70429599640128,POINT (6179623.52733257 1945380.92910931),875.2779050972039
22,0,65812,103,316.5357142857143,28,Eastridge Transit Center (Bay 5),0.0,1087.191627979863,1087.191627979863,POINT (6180650.18013491 1944273.75087748),757.8674887115976
22,1,60053,3,107.3103448275862,29,Tully & Quimby,81.85968198468194,16.38665419547773,98.2463361801597,POINT (6177605.19541125 1943875.58927223),1012.0991736355137
22,1,60054,4,133.55172413793105,29,Tully & Kenesta,47.24846917788096,11.4404463183875,58.68891549626843,POINT (6176925.70858125 1943307.29907022),389.27630750585513
22,1,60055,5,179.79310344827587,29,King & Tully,175.0758443354032,17.758625688037448,192.83447002344053,POINT (6176051.84549958 1942753.43206772),248.54010040520822
22,1,60056,6,175.17241379310346,29,King & Seminole,8.48444855797797,2.665618939883645,11.150067497861617,POINT (6175628.58125424 1943297.26857848),229.7068778462688
22,1,60425,7,147.06896551724137,29,King & Waverly,78.00327385033273,16.160768071797484,94.16404192213014,POINT (6175120.6186875 1943957.38339998),239.83682384723474
22,1,60057,8,118.24137931034483,29,King & Cunningham,105.23089533016004,33.646017462929215,138.87691279308925,POINT (6174527.10379842 1944734.15743698),360.02225133351953
22,1,60058,9,96.39285714285714,28,King & Ocala,97.5870973797444,28.672715274921156,126.25981265466558,POINT (6173760.78873 1945727.5232324),388.174323746044
22,1,60059,10,77.03571428571429,28,King & Biscayne,52.95605505605508,15.102580670963022,68.0586357270181,POINT (6172900.09589759 1946867.91596472),423.08826791736647
22,1,60060,11,47.035714285714285,28,King & Everglade,28.80308310970075,16.460309869868695,45.26339297956948,POINT (6171993.74698849 1948063.61206415),371.5646069977916
22,1,65427,12,69.35714285714286,28,King & Story,250.86059414441755,183.21120619576504,434.0718003401829,POINT (6171423.69432282 1948841.94187231),618.5004111409708
22,1,60061,13,176.72413793103448,29,King & Story,191.82937919923216,53.91276819585644,245.74214739508864,POINT (6170984.30904675 1949424.31964456),403.98695084786453
22,1,60063,14,209.17241379310346,29,King & Virginia,44.15400636944758,45.694812540400775,89.84881890984832,POINT (6169795.79436341 1951000.6681979),475.5281154173834
22,1,60064,15,177.3448275862069,29,King & Kammerer,49.921213916802145,27.24025296598826,77.16146688279038,POINT (6169252.40306175 1951704.01226364),286.83256888316106
22,1,60065,16,128.72413793103448,29,King & San Antonio,39.93575036075036,51.8649602031955,91.80071056394586,POINT (6168449.96831492 1952846.26063532),407.1347114207417
22,1,60426,17,149.58620689655172,29,Alum Rock & King,176.5811196156784,91.3552925832337,267.93641219891214,POINT (6167485.29275084 1953720.69130115),440.59503664143494
22,1,60428,18,216.58620689655172,29,Alum Rock & 33rd,79.13018566400918,26.64117336911454,105.7713590331237,POINT (6166691.40391867 1953260.28014848),356.5884551204748
22,1,60429,19,227.10344827586206,29,Santa Clara & 28th,85.32822879734645,56.89169906890496,142.21992786625142,POINT (6165234.65912874 1952419.54823415),526.6574419860497
22,1,60431,20,192.20689655172413,29,Santa Clara & 24th,161.8811642605759,85.95269322181085,247.83385748238675,POINT (6164019.37448584 1951715.55685998),371.01078687599926
22,1,60433,21,173.92857142857142,28,Santa Clara & 20th,117.40724781754196,49.47766130927899,166.8849091268209,POINT (6162816.90937108 1951037.64942315),393.05815537865544
22,1,60434,22,178.9655172413793,29,Santa Clara & 17th,190.16335739423965,67.19104204618914,257.35439944042884,POINT (6162058.020797 1950595.79367957),288.24628750010345
22,1,60435,23,173.58620689655172,29,Santa Clara & 14th,46.11951732907617,18.283519340137,64.40303666921317,POINT (6161248.99518408 1950127.02165122),289.14483291282704
22,1,60437,24,162.3448275862069,29,Santa Clara & 11th,99.5592179878944,97.3992188367188,196.95843682461313,POINT (6160398.19767308 1949646.87267715),291.90046751247496
22,1,60438,25,162.68965517241378,29,Santa Clara & 7th,164.5072665080018,312.8525174172233,477.35978392522503,POINT (6159301.49973525 1949016.35359699),431.0674060802388
22,1,60439,26,194.75862068965517,29,Santa Clara & 5th,1412.6696955005775,2011.2584045856097,3423.9281000861847,POINT (6158689.41008016 1948639.05743556),217.51516397899417
22,1,65849,27,280.3103448275862,29,Santa Clara & 2nd,325.42883668618987,278.0328862314157,603.4617229176056,POINT (6157575.71742566 1948005.21716781),326.9960939032292
22,1,60441,28,323.7241379310345,29,Santa Clara & Market,69.43153643741881,68.5142960797373,137.94583251715613,POINT (6156878.64073583 1947605.91842572),265.06645938849545
22,1,60442,29,338.9310344827586,29,Santa Clara & Almaden Ave,36.199014384308505,35.463456233309195,71.66247061761771,POINT (6156340.74647041 1947294.93709232),184.5570011302447
22,1,60443,30,334.17241379310343,29,Santa Clara & Almaden Blvd,84.92682978785932,114.74602815485174,199.6728579427109,POINT (6155888.49442217 1947014.7332564),158.2741766241064
22,1,60444,31,300.0,29,Santa Clara & Delmas,10.608209682474389,44.44090223501991,55.04911191749432,POINT (6154976.04972474 1946528.02392797),378.5167636490254
22,1,60445,32,280.13793103448273,29,Santa Clara & Cahill,115.76268690459868,129.75330617095318,245.515993075552,POINT (6154143.02940917 1946434.52313073),192.50273753080063
22,1,60446,33,325.9642857142857,28,The Alameda & Bush,56.501607297930846,103.89937741996567,160.40098471789648,POINT (6153307.07602859 1946397.89820398),653.7403048741882
22,1,60448,34,301.42857142857144,28,The Alameda & Morrison,14.096446445711152,24.52415019620902,38.62059664192016,POINT (6152049.99291283 1946336.68408756),718.6940555576058
22,1,60449,35,278.5,28,The Alameda & Julian,87.3751758862053,111.26892315201142,198.64409903821672,POINT (6151087.65789525 1946423.29054165),375.68001374267146
22,1,60450,36,255.58620689655172,29,The Alameda & Hester,9.078007939772649,17.49290137966609,26.57090931943873,POINT (6150439.91279966 1947103.82887873),843.7662215548843
22,1,60451,37,222.44827586206895,29,The Alameda & Schiele,5.207224556489263,9.16966252701547,14.376887083504732,POINT (6149906.68453541 1947683.23815298),392.15655422295663
22,1,60452,38,212.32142857142858,28,The Alameda & Taylor,145.55305185011065,124.8877442818619,270.44079613197255,POINT (6149022.07508416 1948635.04432023),392.8299115885629
22,1,60453,39,215.3793103448276,29,The Alameda & University,7.674862066038532,13.539145005321483,21.214007071360015,POINT (6148271.66024642 1949440.27466515),292.3179702296167
22,1,60454,40,220.31034482758622,29,The Alameda & McKendrie,7.758804757334169,14.408180218474334,22.166984975808507,POINT (6147727.667568 1950032.27249689),291.5588175027232
22,1,60455,41,192.89655172413794,29,The Alameda & Newhall,13.0342955247367,28.60333563495328,41.63763115968999,POINT (6146498.97022225 1950697.35646856),448.3108537357779
22,1,60457,42,193.17241379310346,29,The Alameda & Portola,10.372704093292326,35.94749604970193,46.320200142994246,POINT (6145280.23512691 1951173.71673632),384.61591900167025
22,1,60458,43,188.3793103448276,29,El Camino & The Alameda,10.329270402799812,9.511657215333685,19.840927618133502,POINT (6145292.82598099 1952205.15069707),314.9705626787397
22,1,60459,44,186.20689655172413,29,El Camino & Campbell,3.6178791796438863,5.728376198964436,9.346255378608324,POINT (6144921.62003049 1953137.58813664),964.2905028872958
22,1,60460,45,164.32142857142858,28,Santa Clara Transit Center,204.61689503307153,273.29724368768495,477.91413872075657,POINT (6143823.12583642 1954052.06301373),456.62345867592916
22,1,62729,46,168.9655172413793,29,El Camino & Washington,31.206565738183382,38.36888201667617,69.57544775485954,POINT (6141074.23697725 1954839.47777748),1099.571601913257
22,1,60466,47,138.51724137931035,29,El Camino & Monroe,35.73026532291241,19.371155478508424,55.10142080142081,POINT (6139864.19215325 1954321.46372165),341.48220450397696
22,1,60467,48,95.46666666666667,30,El Camino & Lincoln,13.697109263285732,21.62215709127473,35.31926635456048,POINT (6138611.85410674 1954115.14261198),608.4096623113153
22,1,60468,49,87.56666666666666,30,El Camino & Scott,152.79689093586143,183.1872506578388,335.9841415937004,POINT (6137168.84288517 1954135.44112781),586.9955585408143
22,1,60469,50,104.73333333333333,30,El Camino & Los Padres,21.410312073547363,20.199180639621815,41.609492713169175,POINT (6135759.30600607 1954158.5693624),448.7173377847212
22,1,60470,51,120.2,30,El Camino & San Tomas,11.69693149987268,19.038180365386253,30.73511186525893,POINT (6134561.331696 1954177.35508598),568.0306776207643
22,1,60471,52,74.53333333333333,30,El Camino & Bowe,4.015576906753378,9.834332987274164,13.849909894027544,POINT (6133190.77603817 1954202.1893539),612.9498391316333
22,1,60472,53,24.689655172413794,29,El Camino & Bowers,154.9156433435845,187.34735950324185,342.26300284682634,POINT (6132486.84371899 1954211.46722248),316.90061494134983
22,1,60473,54,120.93103448275862,29,El Camino & Alpine,22.482032428355943,19.695937069466485,42.17796949782245,POINT (6131400.17102358 1954227.9078064),301.478169988195
22,1,60474,55,79.6896551724138,29,El Camino & Calabazas,16.103570857247334,14.799144972674384,30.9027158299217,POINT (6130123.51412807 1954252.86773023),352.5304764062148
22,1,60475,56,57.793103448275865,29,El Camino & Pomeroy,20.45987688781807,33.70865931454166,54.16853620235973,POINT (6129424.45876767 1954276.34963864),484.7915293388255
22,1,60476,57,5.137931034482759,29,El Camino & Flora Vista,60.35839601574894,70.78679310885188,131.14518912460088,POINT (6127487.92851999 1954284.25283806),1325.7178194970506
22,1,60477,58,77.66666666666667,30,El Camino & Lawrence,149.8619550384256,162.79366670910795,312.65562174753364,POINT (6126225.28865683 1954294.97033632),809.8702683299543
22,1,60478,59,71.33333333333333,30,El Camino & Sycamore,45.92913442766381,37.222561507120325,83.15169593478419,POINT (6124774.45855324 1954281.09339556),805.4810875666927
22,1,60479,60,67.16666666666667,30,El Camino & Poplar,20.094950964068612,17.86588697250462,37.960837936573206,POINT (6123406.56332317 1954290.71936056),455.7008912262577
22,1,60480,61,87.0,28,El Camino & Wolfe,94.9692584376408,109.58544388617916,204.55470232381995,POINT (6121346.03496391 1954846.19298714),612.1095538673974
22,1,60481,62,80.5,30,El Camino & Maria,24.583772436713613,23.36402772064536,47.94780015735896,POINT (6120473.70993692 1955745.94676507),388.5784212679656
22,1,60482,63,37.46666666666667,30,El Camino & Fair Oaks,130.79323307411542,150.19678205781145,280.9900151319269,POINT (6118293.529586 1958081.02313164),917.8143711238118
22,1,60483,64,55.63333333333333,30,El Camino & Cezanne,24.353379708526766,24.386547521106344,48.73992722963316,POINT (6117499.1355055 1958934.81473115),484.17576421304824
22,1,60484,65,38.833333333333336,30,El Camino & Sunnyvale,184.6028337675396,198.6747109916227,383.2775447591624,POINT (6116721.00287542 1959766.87933998),633.4327626932591
22,1,60485,66,107.10344827586206,29,El Camino & Mathilda,20.918830026182967,24.07425368748898,44.99308371367192,POINT (6114851.24546008 1960650.02029023),753.0041245659708
22,1,60486,67,115.6896551724138,29,El Camino & Pastoria,23.76931850828909,51.30867302632012,75.07799153460914,POINT (6113772.24564958 1961011.53269057),354.34765131965537
22,1,60487,68,78.13793103448276,29,El Camino & Mary,26.50381497587379,47.20754653842889,73.7113615143027,POINT (6111582.26512142 1961676.2236184),696.9208671096435
22,1,60488,69,73.58620689655173,29,El Camino & Grape,22.28809638074344,33.48716561216562,55.77526199290903,POINT (6110367.35941474 1962074.35307148),404.4406470734524
22,1,60489,70,103.75862068965517,29,El Camino & Bernardo,114.458822549999,144.2848879878291,258.7437105378282,POINT (6109305.94880791 1962490.74003398),324.41685954214483
22,1,60490,71,57.06896551724138,29,El Camino & Sylvan,29.33580749316044,33.5586167100873,62.89442420324772,POINT (6107771.73501283 1963272.65776148),571.495361604854
22,1,60491,72,43.10344827586207,29,El Camino & Mountain View-Alviso,54.71418965021905,67.48129631806101,122.19548596828008,POINT (6104493.14347291 1964955.72821423),1453.653949337645
22,1,60492,73,26.344827586206897,29,El Camino & Calderon,15.285137166754826,9.330281646458117,24.61541881321294,POINT (6103415.728633 1965652.28981324),469.3959262829137
22,1,60493,74,-6.9655172413793105,29,El Camino & Bush,1.7719128094128087,3.650695954372427,5.422608763785235,POINT (6102356.69039674 1966332.56141856),332.9274986660603
22,1,60494,75,11.2,30,El Camino & Castro,156.6157155752745,186.1256298440122,342.7413454192866,POINT (6101344.03034858 1966985.87080748),325.51903629430933
22,1,60495,76,53.6,30,El Camino & Shoreline,14.108696205755033,15.774711399711403,29.883407605466424,POINT (6100101.78709817 1967788.41447797),493.8982730846123
22,1,60496,77,11.766666666666667,30,El Camino & Mariposa,16.028581875640707,21.40807517645753,37.43665705209823,POINT (6098880.92011733 1968579.3633554),990.7585096437263
22,1,60497,78,16.0,30,El Camino & Escuela,74.92985943794767,89.25386027371322,164.18371971166084,POINT (6097853.14494191 1969682.43365581),697.559483922015
22,1,60498,79,-25.466666666666665,30,El Camino & Rengstorff,17.994834005863417,29.2569338341397,47.251767840003154,POINT (6096099.719643 1970753.1719999),706.9253286413774
22,1,60499,80,-29.966666666666665,30,El Camino & Ortega,8.670861164978813,13.579348919054803,22.25021008403363,POINT (6094922.08912425 1971425.21133822),313.00524643957647
22,1,60500,81,-45.93103448275862,29,El Camino & Showers,180.8278646190411,301.7052716074777,482.5331362265184,POINT (6093892.02163059 1972041.95977664),366.92277328819273
22,1,60501,82,97.9,30,El Camino & San Antonio,27.271864981423803,22.892432322579378,50.1642973040032,POINT (6092725.32941017 1972853.38105406),393.56982502755756
22,1,60502,83,89.26666666666667,30,El Camino & Cesano,13.459694553812202,14.664632018308485,28.124326572120697,POINT (6091749.62302825 1973852.73437031),547.4848590870608
22,1,60503,84,59.56666666666667,30,El Camino & Dinah's Court,9.78513177998472,12.24260225069049,22.02773403067521,POINT (6090938.17550416 1974922.47468489),299.9262933023134
22,1,60504,85,8.482758620689655,29,El Camino & Charleston,36.49333313745078,73.44595478051362,109.9392879179644,POINT (6090104.27133209 1976267.93524857),495.1336920440404
22,1,60505,86,2.6551724137931036,29,El Camino & El Camino Way,12.74009960627608,12.25890449419861,24.999004100474668,POINT (6089803.05605525 1976753.85455231),203.96383444876085
22,1,60507,87,-48.93103448275862,29,El Camino & El Camino Way,24.38475584872644,29.14230165259578,53.52705750132222,POINT (6088765.5118705 1978091.24196939),518.7438293499399
22,1,60508,88,-53.48275862068966,29,El Camino & Curtner,22.92232538703126,21.4133347861289,44.335660173160214,POINT (6087816.14139391 1978749.43094173),371.23337008834665
22,1,60509,89,-64.86206896551724,29,El Camino & Margarita,11.94667309814369,23.257083439436368,35.20375653758008,POINT (6087201.76138908 1979161.45636439),227.90253633403296
22,1,60511,90,-84.79310344827586,29,El Camino & Page Mill,25.2534119475296,82.70464486493903,107.95805681246854,POINT (6084829.49546432 1980791.45277631),882.3011397322089
22,1,60512,91,-113.75862068965517,29,El Camino & California,42.25670922215041,84.85752654208538,127.1142357642358,POINT (6083695.59517308 1981548.43846706),404.3698627983755
22,1,60513,92,-92.34482758620689,29,El Camino & Stanford,6.791830065359476,7.269531857031859,14.061361922391338,POINT (6082779.53237267 1982550.3550984),417.71972389641644
22,1,60514,93,-108.20689655172414,29,El Camino & Park,3.4570752776635136,11.464308322396562,14.921383600060071,POINT (6082071.60990399 1983362.90629481),330.81710192866126
22,1,60515,94,-136.55172413793105,29,El Camino & Churchill,1.258287545787545,7.14415176326941,8.402439309056957,POINT (6081192.564418 1984349.29474197),409.6954546913822
22,1,60516,95,-156.44827586206895,29,El Camino & Sam McDonald,0.428088578088578,4.585197155785391,5.013285733873968,POINT (6080632.06258625 1985003.41679332),282.75710683526006
22,1,60517,96,-145.6551724137931,29,El Camino & Embarcadero,9.836765685295097,91.2880736910149,101.12483937631,POINT (6079540.24554417 1986249.99993007),1838.7815388940369
22,1,60518,97,-148.51724137931035,29,El Camino & Wells,1.652291172879408,43.337275714481585,44.989566887361,POINT (6078924.61488566 1986951.02215007),484.54326928216165
23,0,60573,2,18.0,1,Stevens Creek & Tantau,21.448097735597734,12.319043456543463,33.76714119214119,POINT (6123725.50166166 1943564.62040597),3088.8183844059167
23,0,60566,3,36.94285714285714,35,Stevens Creek & Bandley,82.52072812808105,29.36143994893994,111.88216807702103,POINT (6115570.91199975 1943634.82433382),2546.5385295832607
23,0,60567,4,77.02857142857142,35,Stevens Creek & De Anza,127.65898243912947,54.21818271597683,181.87716515510635,POINT (6116366.99931833 1943623.96871248),245.68060783912995
23,0,60575,4,-51.0,1,Stevens Creek & Interstate 280,3.6519771894771904,2.697050008814714,6.349027198291902,POINT (6126263.86764792 1943516.96367715),3415.154084680967
23,0,60568,5,81.94285714285714,35,Stevens Creek & Torre,29.5892301326125,15.733397974574446,45.32262810718694,POINT (6117663.84022857 1943610.78698032),2751.2466847806863
23,0,60576,5,-89.0,1,Stevens Creek & Loma Linda,73.03007849993143,73.1779549698667,146.20803346979815,POINT (6127623.90068899 1943509.43613315),3098.5301315924926
23,0,60569,6,75.4,35,Stevens Creek & Blaney,22.964910089910088,6.034644522144526,28.999554612054613,POINT (6119005.87100908 1943604.57898748),2740.0147857741977
23,0,60578,6,-90.0,1,Stevens Creek & Albany,14.19775567569685,16.61765595515596,30.815411630852804,POINT (6129296.24412908 1943500.2894979),3223.2660176451272
23,0,60570,7,58.31428571428572,35,Stevens Creek & Portal,25.3237659399424,16.298059783353903,41.62182572329629,POINT (6119915.68054116 1943594.52684222),2920.372775107775
23,0,60579,7,-101.0,1,Stevens Creek & Richfield,20.993024867289577,33.59210413769237,57.61846233831526,POINT (6130141.24867266 1943493.42960347),3165.983273952557
23,0,60571,8,36.285714285714285,35,Stevens Creek & Miller,87.03860918493272,75.97098000039176,163.00958918532442,POINT (6121530.15631483 1943567.27033506),2726.436836583854
23,0,60580,8,-107.0,1,Stevens Creek & Palace,26.457184482184473,33.57717560217558,60.03436008436006,POINT (6130938.53644817 1943485.16616856),2931.9442718199057
23,0,60582,9,-86.0,1,Stevens Creek & Kiely,185.74220640470645,174.09742985772394,359.83963626243036,POINT (6132984.44475791 1943467.78595398),560.106210630196
23,0,60572,9,54.31428571428572,35,Stevens Creek & Finch,112.7543159454924,23.90687547746372,136.66119142295605,POINT (6122715.70840566 1943560.13550681),3176.1809743596395
23,0,60573,10,67.11428571428571,35,Stevens Creek & Tantau,21.448097735597734,12.319043456543463,33.76714119214119,POINT (6123725.50166166 1943564.62040597),338.4407661521566
23,0,60575,12,73.62857142857143,35,Stevens Creek & Interstate 280,3.6519771894771904,2.697050008814714,6.349027198291902,POINT (6126263.86764792 1943516.96367715),1144.9268303165927
23,0,60576,13,62.6,35,Stevens Creek & Loma Linda,73.03007849993143,73.1779549698667,146.20803346979815,POINT (6127623.90068899 1943509.43613315),1151.5032494868576
23,0,60578,14,72.22857142857143,35,Stevens Creek & Albany,14.19775567569685,16.61765595515596,30.815411630852804,POINT (6129296.24412908 1943500.2894979),510.83250171246016
23,0,60579,15,47.542857142857144,35,Stevens Creek & Richfield,20.993024867289577,33.59210413769237,57.61846233831526,POINT (6130141.24867266 1943493.42960347),261.08326340851534
23,0,60580,16,33.68571428571428,35,Stevens Creek & Palace,26.457184482184473,33.57717560217558,60.03436008436006,POINT (6130938.53644817 1943485.16616856),247.16624301274433
23,0,60582,17,14.4,35,Stevens Creek & Kiely,185.74220640470645,174.09742985772394,359.83963626243036,POINT (6132984.44475791 1943467.78595398),560.106210630196
23,0,60583,18,65.42857142857143,35,Stevens Creek & Saratoga,68.51318656833364,31.91946925623396,100.43265582456752,POINT (6134528.80256158 1943457.33584365),963.9605509222555
23,0,60585,19,82.77142857142857,35,Stevens Creek & Harold,43.575062192709254,14.239385614385617,57.814447807094886,POINT (6136310.72681925 1943445.07963456),725.5972172802182
23,0,60586,20,56.97142857142857,35,Stevens Creek & Cypress,83.05321067821069,54.80013638322463,137.85334706143533,POINT (6137329.6076555 1943436.45366757),329.38487003560766
23,0,60587,21,13.714285714285714,35,Stevens Creek & Henry,9.68445720945721,7.323531860296569,17.007989069753776,POINT (6138552.30566941 1943425.05966148),350.95966784377094
23,0,64650,22,-21.903225806451612,31,Stevens Creek & Winchester,85.84480862274977,95.8439114806762,181.6887201034259,POINT (6139741.317399 1943416.79228956),342.3730725239798
23,0,65740,23,-16.34285714285714,35,Stevens Creek & Santana Row / Valley Fair,376.5634239126887,116.91708520237934,493.48050911506795,POINT (6140837.77846067 1943422.75290756),322.64951904133073
23,0,60593,24,-117.37142857142857,35,Stevens Creek & Bradley,37.84497830600771,64.40621339444866,102.25119170045646,POINT (6144835.42072783 1943373.96265081),1227.4932916526272
23,0,60594,25,-74.74285714285715,35,San Carlos & Bascom,132.51596181596187,84.94071010688658,217.4566719228485,POINT (6145536.40653057 1943363.2326854),247.08576419072057
23,0,60596,26,-62.55882352941177,34,San Carlos & Leland,41.25679296194002,18.41421617598089,59.67100913792088,POINT (6146928.33583333 1943350.72024323),455.63829277325544
23,0,60597,27,-77.5,34,San Carlos & Leigh,47.895545141133354,19.361539685804395,67.25708482693777,POINT (6147858.5236055 1943342.74814631),279.0203441684377
23,0,60598,28,-103.94285714285714,35,San Carlos & Buena Vista,85.34383386221623,45.0716628959276,130.41549675814383,POINT (6148980.59189941 1943331.16844507),331.9113179970799
23,0,60600,29,-113.22857142857143,35,San Carlos & Grand,212.14257237860176,157.1120912584148,369.25466363701656,POINT (6150952.27365158 1943310.43882772),792.9819095517124
23,0,60601,30,-84.91428571428571,35,San Carlos & Lincoln,15.665844939374354,14.398501988207869,30.064346927582218,POINT (6152187.386995 1943351.54307623),591.7341503756356
23,0,60602,31,-108.2,35,San Carlos & Sunol,50.2838803353509,27.00061825429471,77.28449858964562,POINT (6152904.01712342 1943375.72544256),206.10513406189241
23,0,60603,32,-145.38235294117646,34,San Carlos & Barack Obama Blvd,63.277347244259055,112.40770512167572,175.68505236593475,POINT (6154646.17735299 1943797.87026756),552.7281783108199
23,0,60604,33,-47.68571428571428,35,San Carlos & Josefa,1.826314371902608,5.727981577246283,7.554295949148891,POINT (6155134.91686109 1944141.23441023),178.1051976032859
23,0,60605,34,-104.34285714285714,35,San Carlos & Delmas,5.892544955044955,15.69988981606628,21.592434771111236,POINT (6155962.32498316 1944731.54228473),315.7020349515891
23,0,60606,35,-112.08571428571429,35,San Carlos & Guadalupe River,3.962004662004661,34.74867216117216,38.71067682317682,POINT (6156618.30890742 1945099.38570915),138.91513554128917
23,0,60607,36,-153.57142857142858,35,San Carlos & Convention Center,21.843207038059973,130.62349382643504,152.46670086449504,POINT (6157817.57652199 1945749.03335997),668.1624834458215
23,0,65460,37,-127.0,30,1st & Paseo de San Antonio,68.25850840336133,269.3489162797987,337.6074246831598,POINT (6158208.50126508 1946482.08045031),772.2646039627801
23,0,60412,38,-41.09375,32,Santa Clara & 1st,527.7515366169779,488.0801242058595,1015.8316608228376,POINT (6157574.84144317 1947946.23861124),710.6981142772968
23,0,60413,39,-11.2,35,Santa Clara & 6th,2008.3313936880124,1159.265020110608,3167.5964137986184,POINT (6158928.50802717 1948704.70395781),436.01436494100227
23,0,60414,40,28.457142857142856,35,Santa Clara & 7th,271.7836664152841,105.29960815328468,377.0832745685686,POINT (6159225.73249833 1948886.74690081),108.49689294122119
23,0,60415,41,10.571428571428571,35,Santa Clara & 11th,75.57082557964911,82.57483064321302,158.14565622286207,POINT (6160682.18627833 1949721.3400479),530.9580819186837
23,0,60416,42,1.0571428571428572,35,Santa Clara & 13th,21.590851713645833,34.090892196039256,55.681743909685075,POINT (6161161.25815482 1949993.21614456),108.92894988280253
23,0,60418,43,-38.285714285714285,35,Santa Clara & 17th,74.73168653242185,195.31395124483353,270.04563777725554,POINT (6162125.66469058 1950549.64613406),397.4280467022063
23,0,60419,44,-31.085714285714285,35,Santa Clara & 21st,39.46239340724635,99.70948895875364,139.17188236600006,POINT (6163225.61327808 1951192.6107274),386.7524395222068
23,0,60420,45,-52.31428571428572,35,Santa Clara & 24th,95.10504046606988,123.49301597095712,218.59805643702703,POINT (6164064.792374 1951680.29938456),294.55200335655206
23,0,60421,46,-35.4,35,Santa Clara & 28th,74.42689051144936,80.74733183483178,155.1742223462811,POINT (6165083.9655325 1952252.78281964),371.01078687599926
23,0,60422,47,-7.114285714285714,35,Alum Rock & 33rd,18.669426815015058,69.65748524351467,88.32691205852973,POINT (6166597.53140299 1953121.81290573),527.470881755901
23,0,63026,48,7.117647058823529,34,Alum Rock & King,55.57118690133395,107.34849709114418,162.91968399247804,POINT (6167854.94883566 1953833.68254498),367.7842032065622
23,0,63027,49,12.4,35,Alum Rock & McCreery,18.390304058686414,39.55531208987093,57.945616148557335,POINT (6168707.6590725 1954323.86529164),380.95568033894517
23,0,63028,50,19.914285714285715,35,Alum Rock & Checkers,10.292632367632368,22.678441901236024,32.9710742688684,POINT (6169292.45645933 1954661.72124323),366.4931617758825
23,0,63029,51,-31.771428571428572,35,Alum Rock & Jose Figueres,15.35955515073162,81.74021689095225,97.09977204168378,POINT (6170318.09909308 1955255.06027965),707.282938419958
23,0,63030,52,-10.411764705882353,34,Alum Rock & Jackson,32.55360228007285,93.3904002859885,125.9440025660614,POINT (6171370.29416716 1955858.61681531),519.760483287787
23,0,63031,53,-17.97142857142857,35,Alum Rock & Muirfield,2.8011779886779893,55.81124267888976,58.61242066756773,POINT (6172728.42137216 1956638.81440189),663.2553265344113
23,0,63864,54,-24.714285714285715,35,Capitol & Alum Rock,7.030726952785773,175.992697743433,183.0234246962188,POINT (6173689.97423908 1956967.73664431),266.96415373121124
23,0,65320,55,-72.0,35,Alum Rock Station,246.2496378621379,267.1495876672347,513.3992255293725,POINT (6174380.99844758 1955486.75797898),629.3868093918131
23,1,63066,3,21.5,34,Alum Rock & Alexander,51.0666292041292,2.99783966033966,54.06446886446887,POINT (6172874.74719499 1956810.05323264),219.43328642892345
23,1,63067,4,-5.764705882352941,34,Alum Rock & Jackson,96.30598568098569,26.79821012321012,123.10419580419575,POINT (6171311.78280124 1955913.3493174),530.6214432866548
23,1,63069,5,-5.235294117647059,34,Alum Rock & Jose Figueres,83.12388028638027,14.88482767232767,98.00870795870792,POINT (6170307.07188417 1955337.15099473),422.8755957841806
23,1,63070,6,-8.970588235294118,34,Alum Rock & Sunset,24.713553113553107,9.568140193140191,34.28169330669332,POINT (6169602.12939641 1954930.36178206),252.77491675449124
23,1,63071,7,-22.257142857142856,35,Alum Rock & McCreery,49.84518814518814,22.765101565101553,72.6102897102897,POINT (6168809.38885592 1954484.07461689),273.19041893587814
23,1,60426,8,-8.242424242424242,33,Alum Rock & King,176.5811196156784,91.3552925832337,267.93641219891214,POINT (6167485.29275084 1953720.69130115),393.54268733218396
23,1,60428,9,6.885714285714286,35,Alum Rock & 33rd,79.13018566400918,26.64117336911454,105.7713590331237,POINT (6166691.40391867 1953260.28014848),356.5884551204748
23,1,60429,10,-10.314285714285715,35,Santa Clara & 28th,85.32822879734645,56.89169906890496,142.21992786625142,POINT (6165234.65912874 1952419.54823415),526.6574419860497
23,1,60431,11,-45.77142857142857,35,Santa Clara & 24th,161.8811642605759,85.95269322181085,247.83385748238675,POINT (6164019.37448584 1951715.55685998),371.01078687599926
23,1,60433,12,-83.37142857142857,35,Santa Clara & 20th,117.40724781754196,49.47766130927899,166.8849091268209,POINT (6162816.90937108 1951037.64942315),393.05815537865544
23,1,60434,13,-86.48571428571428,35,Santa Clara & 17th,190.16335739423965,67.19104204618914,257.35439944042884,POINT (6162058.020797 1950595.79367957),288.24628750010345
23,1,60435,14,-110.4,35,Santa Clara & 14th,46.11951732907617,18.283519340137,64.40303666921317,POINT (6161248.99518408 1950127.02165122),289.14483291282704
23,1,60437,15,-105.25714285714285,35,Santa Clara & 11th,99.5592179878944,97.3992188367188,196.95843682461313,POINT (6160398.19767308 1949646.87267715),291.90046751247496
23,1,60438,16,-123.94285714285714,35,Santa Clara & 7th,164.5072665080018,312.8525174172233,477.35978392522503,POINT (6159301.49973525 1949016.35359699),431.0674060802388
23,1,60439,17,-112.2,35,Santa Clara & 5th,1412.6696955005775,2011.2584045856097,3423.9281000861847,POINT (6158689.41008016 1948639.05743556),217.51516397899417
23,1,63264,18,63.470588235294116,34,2nd & Santa Clara,150.42211954711948,166.93421162171165,317.35633116883116,POINT (6157846.73263167 1947830.77361906),326.9960939032292
23,1,65462,19,78.76470588235294,34,2nd & Paseo de San Antonio,172.21560939060936,56.47356393606393,228.68917332667337,POINT (6158256.83351749 1947113.88102397),238.02645538466774
23,1,64655,20,69.25714285714285,35,San Carlos & 2nd,58.173609723609744,18.317041292041292,76.490651015651,POINT (6158579.61666457 1946311.25828539),357.8157446123059
23,1,60618,21,75.22857142857143,35,San Carlos & Market,51.79559190809188,39.89682400932402,91.69241591741589,POINT (6158128.21828917 1946048.84804906),229.2438437539176
23,1,60621,24,26.142857142857142,35,San Carlos & Delmas,9.251386113886117,7.484407259407258,16.735793373293372,POINT (6155804.01558849 1944723.70732665),760.7320009095174
23,1,60623,25,-32.82857142857143,35,San Carlos & Josefa,4.629799367299367,8.819784382284384,13.449583749583748,POINT (6154964.71313325 1944116.10289881),316.6486169843615
23,1,60624,26,-64.52941176470588,34,San Carlos & Barack Obama Blvd,110.7444260804555,49.20035471064885,159.94478079110422,POINT (6154555.78252067 1943820.34299165),177.5667871221684
23,1,60625,27,-34.68571428571428,35,San Carlos & Sunol,22.72378871128871,45.721287046287046,68.44507575757575,POINT (6152871.76292282 1943454.86537614),546.5805192343357
23,1,60626,28,-45.857142857142854,35,San Carlos & Lincoln,9.761725774225772,30.93060689310688,40.69233266733266,POINT (6151912.40198067 1943417.58723548),693.3952155232331
23,1,66001,29,-26.2,35,San Carlos & Meridian,156.29639086403796,174.04928951767187,330.34568038170977,POINT (6150710.01462166 1943405.86120906),497.6717878032828
23,1,60629,30,-14.411764705882353,34,San Carlos & Buena Vista,50.153196803196806,87.27178238428239,137.42497918747918,POINT (6149204.84079474 1943410.06494081),459.4611143223449
23,1,60631,31,-13.294117647058824,34,San Carlos & Shasta,1.467807192807194,10.872094572094577,12.339901764901777,POINT (6147582.34928907 1943425.60493597),429.5676419610835
23,1,60632,32,-40.25714285714286,35,San Carlos & Wabash,26.72485847485848,65.76088911088908,92.48574758574756,POINT (6146712.32084541 1943430.84836382),262.7373284922527
23,1,60634,33,-10.057142857142857,35,San Carlos & Bascom,105.8506661639015,128.12761013496305,233.97827629886456,POINT (6145412.95238116 1943448.51073006),530.2965239111545
23,1,60635,34,-20.17142857142857,35,Stevens Creek & Bradley,44.4403096903097,34.620462870462895,79.06077256077253,POINT (6144671.33214524 1943445.30043465),656.4496793675377
23,1,65741,35,-101.48571428571428,35,Stevens Creek & Valley Fair / Santana Row,109.06053187009068,391.8067759038348,500.86730777392535,POINT (6141126.594156 1943538.09191573),1062.652979155866
23,1,64696,36,-35.542857142857144,35,Stevens Creek & Winchester,85.5774433899434,90.75598910893032,176.33343249887366,POINT (6139677.16759291 1943518.2914304),485.74087851189455
23,1,60642,37,15.941176470588236,34,Stevens Creek & Henry,4.005731768231769,10.103937728937732,14.109669497169504,POINT (6138422.37876391 1943522.85113256),358.86638769956875
23,1,60643,38,-13.205882352941176,34,Stevens Creek & Cypress,45.21385314032374,89.98405369140664,135.19790683173034,POINT (6137101.69866249 1943535.41541189),397.90160577760776
23,1,60644,39,4.882352941176471,34,Stevens Creek & San Tomas,23.329326066090772,48.14805757967525,71.47738364576607,POINT (6135580.34376559 1943547.18015215),545.8621361050812
23,1,60645,40,6.151515151515151,33,Stevens Creek & Saratoga,21.30489094239096,59.9752206127206,81.28011155511155,POINT (6134134.80958316 1943553.8326979),373.98018096839223
23,1,60646,41,26.517241379310345,29,Stevens Creek & Kiely,131.52421793892384,172.41554785084193,303.939765789766,POINT (6132531.45353791 1943566.32807973),599.4759318717696
23,1,60648,42,-3.5,34,Stevens Creek & Woodhams,36.17887529137529,37.2869005994006,73.46577589077587,POINT (6130547.788542 1943583.84871398),674.2133043915267
23,1,60649,43,-35.088235294117645,34,Stevens Creek & Cronin,11.62544538794539,15.10510739260739,26.73055278055279,POINT (6129306.19128767 1943595.53832315),393.4516681567617
23,1,60651,44,-68.29411764705883,34,Stevens Creek & Cabot,52.817891014214545,62.39502246119896,115.21291347541344,POINT (6127904.45885491 1943613.84307656),467.88788978616947
23,1,60654,46,-35.61764705882353,34,Stevens Creek & Tantau,10.607163669663674,32.67537046287046,43.282534132534145,POINT (6123497.93256299 1943663.69140206),1278.5557358989508
23,1,60655,47,-42.23529411764706,34,Stevens Creek & Finch,26.17302697302698,67.71761988011991,93.89064685314678,POINT (6122348.87154092 1943661.09954374),367.75084739732944
23,1,60656,48,-39.85294117647059,34,Stevens Creek & Wolfe,66.9904445227975,88.55780126736008,155.54824579015758,POINT (6121122.69649982 1943673.64184149),710.7122864887037
23,1,60657,49,-55.94117647058823,34,Stevens Creek & Portal,10.58208041958042,19.100757575757576,29.682837995337977,POINT (6119702.38930108 1943694.49055307),585.6376818876114
23,1,60658,50,-75.54545454545455,33,Stevens Creek & Blaney,7.370496170496169,22.296682484182487,29.667178654678654,POINT (6118664.34807009 1943705.54532097),317.24258804526374
23,1,60659,51,-124.81818181818181,33,Stevens Creek & Vista,15.540721778221778,41.38506909756908,56.92579087579089,POINT (6117385.59734675 1943722.0252749),394.8879275928621
23,1,60660,52,-148.91176470588235,34,Stevens Creek & De Anza,85.34525613275612,218.67659334129925,304.02184947405533,POINT (6115865.54428449 1943743.24668914),418.42821978588336
23,1,60661,53,-161.88235294117646,34,Stevens Creek & Saich,35.1929375363199,101.81579539741304,137.00873293373286,POINT (6114945.06515433 1943758.70794432),355.5650881340871
23,1,60662,54,-160.64705882352942,34,Stevens Creek & Stelling,29.058043753632,58.89374742904154,87.9517911826735,POINT (6113230.57448883 1943787.2751444),455.43934906979985
25,0,60730,2,80.875,16,Jeffrey V. Smith & Turner (Valley Medical Center),70.38780067971244,20.002455714220417,90.39025639393282,POINT (6144653.26689266 1940273.86550456),10144.902419410155
25,0,60699,3,20.88888888888889,18,McClellan & Stelling,25.30388883991824,9.395945802563448,34.69983464248169,POINT (6114027.39376134 1941045.55917114),10273.288580060396
25,0,60731,3,97.3529411764706,17,Bascom & Jeffrey V. Smith,174.17037749831863,183.98556998556987,358.15594748388855,POINT (6145226.19488066 1940062.26225322),10456.603048313631
25,0,60700,4,-16.0,18,McClellan & Felton,21.785632341514688,10.508983500159973,32.29461584167468,POINT (6115671.97577399 1941017.82661507),10225.706498782982
25,0,60732,4,99.88235294117646,17,Fruitdale & Bascom,106.25024020097548,37.71652008122598,143.96676028220148,POINT (6145521.61095649 1938744.26948239),10594.798227818195
25,0,60701,5,70.66666666666667,18,Bollinger & De Anza,47.573204001880505,13.742074918545502,61.31527892042597,POINT (6116508.7713445 1939703.7380359),10003.980047354864
25,0,60733,5,72.29411764705883,17,Fruitdale & Sherman Oaks,26.268726371667537,6.109071810542397,32.377798182209936,POINT (6146910.21480659 1938727.0766034),10332.863377065602
25,0,60702,6,35.666666666666664,18,Bollinger & Blaney,10.000426779103249,4.9738065855712925,14.974233364674545,POINT (6118771.25402425 1938838.01306131),9637.043087129116
25,0,60734,6,35.0,17,Fruitdale & Leigh,62.229343695520214,13.573165968018904,75.80250966353908,POINT (6147665.39702325 1938714.84926565),9922.03242909461
25,0,60703,7,2.1666666666666665,18,Bollinger & Alderbrook,3.4449849170437425,5.134729404582345,8.579714321626085,POINT (6120349.64653675 1938935.8183119),9436.918411496526
25,0,60735,7,5.882352941176471,17,Fruitdale & Southwest Expressway,26.546956638133096,50.8118448544919,77.358801492625,POINT (6148987.38814567 1938697.31911698),9815.725985976116
25,0,60704,8,-15.722222222222221,18,Bollinger & Miller,24.3691309507486,15.851436880113342,40.22056783086195,POINT (6122050.25796491 1939037.93064047),9183.620194565803
25,0,60737,9,59.88235294117647,17,Meridian & Fruitdale,25.81878293275352,29.87751521354462,55.69629814629812,POINT (6150501.68236117 1938509.44055574),9505.345136975962
25,0,60705,9,-8.833333333333334,18,Bollinger & Tullipan,0.8716343297225652,3.009331110066404,3.880965439788969,POINT (6123001.89582542 1939105.23628014),9507.792082951752
25,0,60706,10,-25.473684210526315,19,Bollinger & Johnson,6.428232062055592,23.530550658491833,29.95878272054741,POINT (6124664.83114783 1938909.51619914),464.1810476504097
25,0,65695,10,52.11764705882353,17,Meridian & Curci,19.06460263592616,17.127066152801444,36.1916687887276,POINT (6150496.03932783 1937558.37979381),9094.071540104842
25,0,60707,11,-32.63157894736842,19,Bollinger & Wunderlich,9.15947459403342,3.553238509856157,12.712713103889572,POINT (6126053.13316125 1938709.18851581),8868.907402952924
25,0,60739,11,57.88235294117647,17,Willow & Meridian,31.79777395806808,14.19492925375278,45.99270321182086,POINT (6150662.24142325 1936198.33822256),9121.83876132914
25,0,60708,12,-11.894736842105264,19,Moorpark & Lawrence,1.3564255189255194,2.442889463477698,3.799314982403218,POINT (6126812.08964857 1938604.92067973),9072.379324068133
25,0,60740,12,17.11764705882353,17,Willow & Camino Ramon,8.655711771888239,3.7410373123608407,12.39674908424908,POINT (6152065.40134658 1936637.46300048),9534.024514513932
25,0,60709,13,-11.105263157894736,19,Williams & Moorpark,11.984300176947237,5.622101019895139,17.60640119684236,POINT (6127387.63049224 1938380.51791331),9411.225729976864
25,0,60742,13,2.125,16,Willow & Carolyn,1.403431372549019,2.3774810973340372,3.7809124698830576,POINT (6153032.10577799 1937167.32677014),9546.755647990281
25,0,60710,14,-21.31578947368421,19,Williams & Happy Valley,2.066431607608078,4.671505536946715,6.7379371445547935,POINT (6128282.14379507 1938239.53427139),9580.218126261181
25,0,60744,14,3.8,15,Willow & Lincoln,70.59801056786348,44.224611009905104,114.82262157776864,POINT (6154309.36733107 1937868.45561723),9414.226780053239
25,0,60711,15,-62.05263157894737,19,Williams & Marilla,4.870293758529051,6.603042953778248,11.4733367123073,POINT (6130153.97929025 1938225.44834156),8695.52029534802
25,0,60745,15,7.5625,16,Willow & Kotenberg,5.684034511240392,5.055608525461464,10.739643036701858,POINT (6155167.16810891 1938337.75553164),9185.32884105557
25,0,60746,16,-7.4375,16,Willow & Bird,20.95074280294868,9.066077305047893,30.016820107996583,POINT (6155967.5152615 1938876.76199956),309.7550194511998
25,0,60713,16,-49.5,18,Williams & Saratoga,63.222462994521806,26.350471260765353,89.57293425528721,POINT (6132086.313024 1938027.0051689),8765.39184250462
25,0,60714,17,-17.42105263157895,19,Williams & Ranchero,18.854384830855423,4.740777849601379,23.59516268045681,POINT (6133071.11354783 1938039.15343857),299.8542449416285
25,0,60747,17,-19.625,16,Willow & Delmas,4.358292197998079,5.57107035121741,9.929362549215488,POINT (6156302.57659924 1939110.64703047),8810.177478297737
25,0,60715,18,-44.05263157894737,19,Williams & Oakmont,24.741390798743744,8.919320548732312,33.66071134747604,POINT (6134093.12922034 1938050.38799615),8350.149723355154
25,0,60749,18,-66.875,16,Willow & Minnesota,11.572632677779737,7.772988694312223,19.34562137209196,POINT (6157376.9848835 1939873.56676447),8937.54176792684
25,0,60716,19,-71.89473684210526,19,Williams & Boynton,46.94228851214147,18.152914732326497,65.095203244468,POINT (6135464.84662125 1938140.66471848),8338.37131149622
25,0,65906,19,-83.5,16,Tamien Station,161.6488522914994,183.010487551664,344.6593398431635,POINT (6159056.16229941 1938604.03091773),9129.70125342131
25,0,60717,20,-34.10526315789474,19,Williams & Phelps,6.685995785260495,5.413977362506772,12.099973147767267,POINT (6136903.77615808 1938195.7312094),8487.575961805827
25,0,60751,20,-94.76470588235294,17,Willow & Palm,34.65036099521395,27.268805867335285,61.91916686254922,POINT (6158996.70933433 1941013.71671514),8127.633561801769
25,0,60719,21,-82.57894736842105,19,Williams & Eden,3.1267273576097088,7.76262585453762,10.889353212147332,POINT (6138570.16357332 1938176.32803299),7760.507392580461
25,0,60752,21,-97.94117647058823,17,Willow & Almaden,79.0114603533721,44.15866935352232,123.17012970689444,POINT (6159710.54550508 1941514.78395449),7866.361786554719
25,0,60753,22,-73.47058823529412,17,Graham & Mastic,20.113886521974756,9.132920266008504,29.24680678798325,POINT (6160324.81461775 1941596.38845006),206.15059295326353
25,0,62095,22,-69.57894736842105,19,Winchester & Williams,83.44136394651096,73.03978154198744,156.48114548849836,POINT (6140011.90248774 1938413.58838522),7870.199661127151
25,0,60754,23,-72.4375,16,Keyes & 1st,286.23221753736453,138.58115642527406,424.8133739626387,POINT (6161172.77814491 1941965.88049322),7967.930547658237
25,0,60722,23,-46.21052631578947,19,Winchester & Magliocco,64.01413039574807,44.41911250514193,108.43324290089,POINT (6140027.59504166 1939801.83724914),7742.100455130077
25,0,60723,24,-39.68421052631579,19,Moorpark & Winchester,40.23150868739103,14.69774310656664,54.92925179395766,POINT (6140188.72496875 1940778.16797365),332.265827418181
25,0,60755,24,-38.05882352941177,17,Keyes & 5th,17.80262833571657,11.64684669905258,29.449475034769144,POINT (6162023.44311024 1942441.68892482),7524.776547930634
25,0,60724,25,-78.38888888888889,18,Moorpark & Monroe,3.672426184926184,0.9043417366946772,4.576767921620862,POINT (6142065.80848491 1940758.62667415),7150.32521787931
25,0,60756,25,-59.76470588235294,17,Keyes & 7th,25.16443956370427,21.983165200812252,47.14760476451653,POINT (6162873.96339083 1942929.54195173),7079.192780554725
25,0,60757,26,-100.6470588235294,17,Keyes & 10th,83.94091692621106,93.2060557089968,177.14697263520793,POINT (6163849.96143883 1943488.77902223),363.0419814127794
25,0,66055,26,-127.11111111111111,18,Moorpark & Empey,18.09434021860493,27.458610996846296,45.55295121545122,POINT (6143692.33574367 1940729.95317507),7175.528584853271
25,0,60730,27,-81.8125,16,Jeffrey V. Smith & Turner (Valley Medical Center),70.38780067971244,20.002455714220417,90.39025639393282,POINT (6144653.26689266 1940273.86550456),396.5873141779117
25,0,60758,27,-120.6470588235294,17,Keyes & 12th,170.61400290885575,88.43069757040352,259.04470047925935,POINT (6164384.22021283 1943790.8578144),7119.258741208039
25,0,60731,28,-9.722222222222221,18,Bascom & Jeffrey V. Smith,174.17037749831863,183.98556998556987,358.15594748388855,POINT (6145226.19488066 1940062.26225322),6887.352870700182
25,0,60759,28,-120.47058823529412,17,Story & Roberts,80.07396892323364,130.54516496575323,210.61913388898688,POINT (6166565.76473425 1945108.96574248),7450.370791849496
25,0,60732,29,-10.833333333333334,18,Fruitdale & Bascom,106.25024020097548,37.71652008122598,143.96676028220148,POINT (6145521.61095649 1938744.26948239),7310.721765303597
25,0,60760,29,-76.3529411764706,17,Story & Lucretia,91.3805226636109,91.2846911258676,182.6652137894785,POINT (6167160.20022516 1945614.87221098),7502.297469896063
25,0,60761,30,116.8125,16,Story & McLaughlin,171.772513189425,94.07342200283377,265.8459351922587,POINT (6168258.17276675 1946518.43077131),941.8660066591948
25,0,60733,30,-62.77777777777778,18,Fruitdale & Sherman Oaks,26.268726371667537,6.109071810542397,32.377798182209936,POINT (6146910.21480659 1938727.0766034),7654.058855239953
25,0,60734,31,-97.33333333333333,18,Fruitdale & Leigh,62.229343695520214,13.573165968018904,75.80250966353908,POINT (6147665.39702325 1938714.84926565),296.44333644346347
25,0,60762,31,121.42857142857143,14,Story & King,215.48002055134404,364.2670808766398,579.7471014279838,POINT (6171360.53795308 1949080.63201173),8413.184270414064
25,0,60735,32,-117.05555555555556,18,Fruitdale & Southwest Expressway,26.546956638133096,50.8118448544919,77.358801492625,POINT (6148987.38814567 1938697.31911698),8160.327985408529
25,0,60764,32,167.5,16,Story & Hopkins,36.87672939805296,38.51030587059999,75.38703526865285,POINT (6172977.51995534 1950414.26878014),8656.583309528269
25,0,60765,33,117.625,16,Story & Karl,22.040499696382057,59.88641277023631,81.9269124666183,POINT (6173753.89537108 1951055.36198615),315.89322248858485
25,0,60737,34,-53.421052631578945,19,Meridian & Fruitdale,25.81878293275352,29.87751521354462,55.69629814629812,POINT (6150501.68236117 1938509.44055574),8986.873920279704
25,0,60766,34,90.625,16,Story & Jackson,30.339448460036696,63.88956484691776,94.22901330695451,POINT (6174512.613998 1951683.9837604),9201.922268559221
25,0,60767,35,76.625,16,Story & Leeward,7.897345138521608,29.864654299948413,37.76199943847003,POINT (6174997.99262041 1952084.91701365),247.36844863731835
25,0,65695,35,-42.26315789473684,19,Meridian & Curci,19.06460263592616,17.127066152801444,36.1916687887276,POINT (6150496.03932783 1937558.37979381),9444.337332091714
25,0,60739,36,-32.36842105263158,19,Willow & Meridian,31.79777395806808,14.19492925375278,45.99270321182086,POINT (6150662.24142325 1936198.33822256),462.0122075185948
25,0,60768,36,29.1875,16,Story & Capitol,21.685059874765756,30.6551850926851,52.34024496745086,POINT (6175728.61911191 1952684.1116814),9261.335733073975
25,0,60740,37,-66.44444444444444,18,Willow & Camino Ramon,8.655711771888239,3.7410373123608407,12.39674908424908,POINT (6152065.40134658 1936637.46300048),8771.826286159097
25,0,60769,37,44.375,16,Story & McGinness,20.793525102348628,83.14459813062756,103.93812323297614,POINT (6176832.8554205 1953618.87195098),9200.300047577506
25,0,60770,38,22.625,16,Story & Lyndale,9.410116354233995,68.03316936331643,77.44328571755042,POINT (6177459.89583308 1954134.36895148),283.1640474622942
25,0,60742,38,-90.61111111111111,18,Willow & Carolyn,1.403431372549019,2.3774810973340372,3.7809124698830576,POINT (6153032.10577799 1937167.32677014),9131.838465659914
25,0,60744,39,-76.6470588235294,17,Willow & Lincoln,70.59801056786348,44.224611009905104,114.82262157776864,POINT (6154309.36733107 1937868.45561723),376.5342215824722
25,0,63600,39,80.86666666666666,15,White & Story,129.87972795178678,264.2569224076578,394.13665035944433,POINT (6178109.03823557 1955146.98405223),9203.660331256011
25,0,60745,40,-30.333333333333332,18,Willow & Kotenberg,5.684034511240392,5.055608525461464,10.739643036701858,POINT (6155167.16810891 1938337.75553164),8886.5473158315
25,0,63601,40,99.0625,16,White & Buckner,24.173339405692353,35.15905303846483,59.332392444157186,POINT (6177699.65585224 1955715.72110373),9107.631561522416
25,0,60746,41,-46.5,18,Willow & Bird,20.95074280294868,9.066077305047893,30.016820107996583,POINT (6155967.5152615 1938876.76199956),8794.186677349388
25,0,63602,41,43.125,16,White & Easthills,9.22426650147238,36.27964625244038,45.50391275391277,POINT (6176959.3315455 1956764.71145982),9149.96608056881
25,0,60747,42,-60.05555555555556,18,Willow & Delmas,4.358292197998079,5.57107035121741,9.929362549215488,POINT (6156302.57659924 1939110.64703047),8997.95122784482
25,0,63603,42,5.0,16,White & Florence,19.197741147741148,28.73718520042049,47.93492634816164,POINT (6176416.50946841 1957533.08525115),9248.034268442198
25,0,60749,43,-81.22222222222223,18,Willow & Minnesota,11.572632677779737,7.772988694312223,19.34562137209196,POINT (6157376.9848835 1939873.56676447),8980.161803704792
25,0,63062,43,26.5,16,Alum Rock & White,38.32730904716203,95.94482298747003,134.27213203463202,POINT (6175612.363767 1958378.73513465),8897.473981605155
25,0,63063,44,-6.1875,16,Alum Rock & Cedar,5.592969367234072,10.064819902319895,15.657789269553971,POINT (6174958.59801416 1958003.12696198),261.8944263233983
25,0,65906,44,-99.0,15,Tamien Station,161.6488522914994,183.010487551664,344.6593398431635,POINT (6159056.16229941 1938604.03091773),9381.536322792675
25,0,63864,45,1.1875,16,Capitol & Alum Rock,7.030726952785773,175.992697743433,183.0234246962188,POINT (6173689.97423908 1956967.73664431),8520.414309502383
25,0,60751,45,-119.5,18,Willow & Palm,34.65036099521395,27.268805867335285,61.91916686254922,POINT (6158996.70933433 1941013.71671514),7870.928199080595
25,0,60752,46,-112.61111111111111,18,Willow & Almaden,79.0114603533721,44.15866935352232,123.17012970689444,POINT (6159710.54550508 1941514.78395449),298.3558682211325
25,0,65047,46,-30.9375,16,Alum Rock Station,268.57606723342025,282.24610169242516,550.8221689258451,POINT (6174320.37684967 1955679.52366956),7079.8100654132795
25,0,60753,47,-108.05882352941177,17,Graham & Mastic,20.113886521974756,9.132920266008504,29.24680678798325,POINT (6160324.81461775 1941596.38845006),7206.057890986794
25,0,60754,48,-104.0,15,Keyes & 1st,286.23221753736453,138.58115642527406,424.8133739626387,POINT (6161172.77814491 1941965.88049322),290.74638061495443
25,0,60755,49,-43.88235294117647,17,Keyes & 5th,17.80262833571657,11.64684669905258,29.449475034769144,POINT (6162023.44311024 1942441.68892482),326.32700943744146
25,0,60756,50,-64.94117647058823,17,Keyes & 7th,25.16443956370427,21.983165200812252,47.14760476451653,POINT (6162873.96339083 1942929.54195173),218.96395579981237
25,0,60757,51,-73.58823529411765,17,Keyes & 10th,83.94091692621106,93.2060557089968,177.14697263520793,POINT (6163849.96143883 1943488.77902223),363.0419814127794
25,0,60758,52,-83.58823529411765,17,Keyes & 12th,170.61400290885575,88.43069757040352,259.04470047925935,POINT (6164384.22021283 1943790.8578144),391.39607739395404
25,0,60759,53,-117.88235294117646,17,Story & Roberts,80.07396892323364,130.54516496575323,210.61913388898688,POINT (6166565.76473425 1945108.96574248),804.6334517641726
25,0,60760,54,-20.705882352941178,17,Story & Lucretia,91.3805226636109,91.2846911258676,182.6652137894785,POINT (6167160.20022516 1945614.87221098),228.08661312486808
25,0,60761,55,206.7058823529412,17,Story & McLaughlin,171.772513189425,94.07342200283377,265.8459351922587,POINT (6168258.17276675 1946518.43077131),941.8660066591948
25,0,60762,56,149.8125,16,Story & King,215.48002055134404,364.2670808766398,579.7471014279838,POINT (6171360.53795308 1949080.63201173),1293.1359823862522
25,0,60764,57,156.0,17,Story & Hopkins,36.87672939805296,38.51030587059999,75.38703526865285,POINT (6172977.51995534 1950414.26878014),638.4136297426035
25,0,60765,58,104.47058823529412,17,Story & Karl,22.040499696382057,59.88641277023631,81.9269124666183,POINT (6173753.89537108 1951055.36198615),315.89322248858485
25,0,60766,59,80.76470588235294,17,Story & Jackson,30.339448460036696,63.88956484691776,94.22901330695451,POINT (6174512.613998 1951683.9837604),425.165750684847
25,0,60767,60,66.17647058823529,17,Story & Leeward,7.897345138521608,29.864654299948413,37.76199943847003,POINT (6174997.99262041 1952084.91701365),247.36844863731835
25,0,60768,61,36.470588235294116,17,Story & Capitol,21.685059874765756,30.6551850926851,52.34024496745086,POINT (6175728.61911191 1952684.1116814),288.97747504630064
25,0,60769,62,101.3529411764706,17,Story & McGinness,20.793525102348628,83.14459813062756,103.93812323297614,POINT (6176832.8554205 1953618.87195098),653.8516486860433
25,0,60770,63,78.76470588235294,17,Story & Lyndale,9.410116354233995,68.03316936331643,77.44328571755042,POINT (6177459.89583308 1954134.36895148),283.1640474622942
25,0,63600,64,176.4,15,White & Story,129.87972795178678,264.2569224076578,394.13665035944433,POINT (6178109.03823557 1955146.98405223),441.81376107144115
25,0,63601,65,195.125,16,White & Buckner,24.173339405692353,35.15905303846483,59.332392444157186,POINT (6177699.65585224 1955715.72110373),214.5419195837935
25,0,63602,66,138.875,16,White & Easthills,9.22426650147238,36.27964625244038,45.50391275391277,POINT (6176959.3315455 1956764.71145982),352.089538497596
25,0,63603,67,124.88235294117646,17,White & Florence,19.197741147741148,28.73718520042049,47.93492634816164,POINT (6176416.50946841 1957533.08525115),276.98193419863424
25,0,63062,68,168.58823529411765,17,Alum Rock & White,38.32730904716203,95.94482298747003,134.27213203463202,POINT (6175612.363767 1958378.73513465),375.9948689585171
25,0,63063,69,144.64705882352942,17,Alum Rock & Cedar,5.592969367234072,10.064819902319895,15.657789269553971,POINT (6174958.59801416 1958003.12696198),261.8944263233983
25,0,63864,70,144.88235294117646,17,Capitol & Alum Rock,7.030726952785773,175.992697743433,183.0234246962188,POINT (6173689.97423908 1956967.73664431),522.1870432810211
25,0,65047,71,110.3529411764706,17,Alum Rock Station,268.57606723342025,282.24610169242516,550.8221689258451,POINT (6174320.37684967 1955679.52366956),676.3036006453207
25,1,63040,3,94.65625,32,Alum Rock & Cedar,8.492296184207948,9.979733501792316,18.47202968600027,POINT (6174885.24415825 1957872.71547739),587.3850499873091
25,1,63681,4,123.125,32,White & Alum Rock,129.13752930076458,61.804011674599934,190.9415409753645,POINT (6175889.93342184 1958153.76281556),262.29532686452234
25,1,63682,5,133.9375,32,White & Easthills,53.80700369891552,25.173446896241018,78.9804505951565,POINT (6176539.7851405 1957228.0100739),486.5851478764787
25,1,60780,6,118.0,32,White & Woodhaven,38.59969205630974,38.3356050811933,76.93529713750301,POINT (6177400.8779065 1956026.54725373),407.5931914945497
25,1,60781,7,124.15625,32,Story & White,233.53914525017467,59.00950552715257,292.5486507773273,POINT (6178123.43518841 1954766.25449874),523.8998141353823
25,1,60782,8,116.15625,32,Story & Lyndale,57.26034374122609,12.859422848393438,70.11976658961952,POINT (6177205.773966 1954027.26155415),229.9234627412596
25,1,60783,9,143.3548387096774,31,Story & McGinness,40.39509403994698,15.118476947888714,55.513570987835685,POINT (6176640.17568775 1953560.78742148),283.16404746229415
25,1,60784,10,167.80645161290323,31,Story & Capitol,43.60537664949429,18.078944584826935,61.68432123432124,POINT (6175812.721634 1952874.82028948),326.97989798215815
25,1,60785,11,158.41935483870967,31,Story & Leeward,33.48947988286225,13.438873789609085,46.92835367247133,POINT (6174936.14366275 1952151.34142148),474.40936883042525
25,1,60786,12,137.46875,32,Story & Jackson,135.10044457176804,43.209926837868025,178.3103714096361,POINT (6174062.18215609 1951431.13026348),238.5115254168698
25,1,60787,13,119.5,32,Story & Hopkins,43.60540831717303,29.58583491671727,73.19124323389028,POINT (6172861.34630316 1950442.87535022),569.6941093401881
25,1,60789,14,139.46666666666667,30,Story & King,348.70282070870303,210.53319254275144,559.2360132514544,POINT (6171412.06081592 1949247.03358181),638.3066036850707
25,1,60790,15,216.21875,32,Story & McLaughlin,111.99669774669772,178.2626416067593,290.2593393534571,POINT (6167803.26816475 1946267.92864765),1267.0328421606398
25,1,60791,16,273.46875,32,Story & Lucretia,166.62018977754272,140.63415595842062,307.2543457359634,POINT (6166840.44003791 1945481.50075856),416.7693687980333
25,1,65824,17,284.1875,32,Story & Remillard,30.50970704132468,12.484204520969223,42.99391156229393,POINT (6166046.57942091 1944820.09853806),391.3647354005703
25,1,60793,19,246.125,32,Keyes & 10th,50.8514142720025,54.83686387142269,105.6882781434252,POINT (6163568.90786707 1943400.03346482),850.709574516421
25,1,60794,20,235.21875,32,Keyes & 7th,20.675411598205713,24.376415577886167,45.05182717609189,POINT (6162665.62095974 1942881.61619456),287.3293307974751
25,1,60795,21,204.96875,32,Keyes & 5th,10.76652122387416,25.537284610814023,36.3038058346882,POINT (6161943.54792883 1942466.89589539),218.96395579981234
25,1,60796,22,190.03125,32,Goodyear & 1st,155.02278456837283,288.02435938244776,443.0471439508205,POINT (6160947.70313574 1941888.35472965),367.1001667490215
25,1,60797,23,238.59375,32,Willow & Almaden,46.216171491906806,76.70793373293375,122.92410522484047,POINT (6159680.91400266 1941536.70615473),456.08069183297243
25,1,60798,24,222.0,32,Willow & Palm,29.525987492899255,38.7044058882294,68.23039338112865,POINT (6158841.88418466 1940947.91369714),310.21657586624684
25,1,60799,25,-21.0,1,Willow & Minnesota,9.17526068702539,11.769797767591886,20.945058454617264,POINT (6157369.21751058 1939918.4718584),545.7958589665943
25,1,60801,26,-65.0,1,Willow & Shepherd,6.882231738849385,10.630755927079456,17.51298766592885,POINT (6156345.51516166 1939201.04350322),420.155691392344
25,1,60799,26,270.1515151515151,33,Willow & Minnesota,9.17526068702539,11.769797767591886,20.945058454617264,POINT (6157369.21751058 1939918.4718584),420.155691392344
25,1,60801,27,243.84848484848484,33,Willow & Shepherd,6.882231738849385,10.630755927079456,17.51298766592885,POINT (6156345.51516166 1939201.04350322),420.155691392344
25,1,60802,27,-68.0,1,Willow & Bird,7.715981240981239,19.87258248287659,27.588563723857828,POINT (6155535.896046 1938624.29367247),304.73176507257443
25,1,60802,28,263.24242424242425,33,Willow & Bird,7.715981240981239,19.87258248287659,27.588563723857828,POINT (6155535.896046 1938624.29367247),0.0
25,1,60803,28,-85.0,1,Willow & Chabrant,3.869756142550261,3.4893307672719436,7.359086909822203,POINT (6155125.65211584 1938362.40935373),150.49578099549566
25,1,60803,29,247.54545454545453,33,Willow & Chabrant,3.869756142550261,3.4893307672719436,7.359086909822203,POINT (6155125.65211584 1938362.40935373),0.0
25,1,60804,29,-112.0,1,Willow & Lincoln,40.06696269416856,71.96472718458013,112.03168987874872,POINT (6154094.80542424 1937797.38259664),310.5706893173883
25,1,60804,30,260.6060606060606,33,Willow & Lincoln,40.06696269416856,71.96472718458013,112.03168987874872,POINT (6154094.80542424 1937797.38259664),0.0
25,1,60805,30,-51.0,1,Willow & Carolyn,1.4002307333189683,2.3633026287438046,3.763533362062774,POINT (6153023.68125416 1937206.78075948),376.53422158247224
25,1,60805,31,275.54545454545456,33,Willow & Carolyn,1.4002307333189683,2.3633026287438046,3.763533362062774,POINT (6153023.68125416 1937206.78075948),0.0
25,1,60806,31,-89.0,1,Willow & Camino Ramon,2.7774529392176444,6.233826549267719,9.011279488485362,POINT (6152029.12582858 1936662.40684822),345.0833032727548
25,1,60808,32,-123.0,1,Meridian & Willow,30.437901967313735,58.605550984962726,89.04345295227647,POINT (6150562.49424741 1936334.94228007),501.6638612962007
25,1,60806,32,244.6969696969697,33,Willow & Camino Ramon,2.7774529392176444,6.233826549267719,9.011279488485362,POINT (6152029.12582858 1936662.40684822),501.6638612962007
25,1,60808,33,225.72727272727272,33,Meridian & Willow,30.437901967313735,58.605550984962726,89.04345295227647,POINT (6150562.49424741 1936334.94228007),501.6638612962007
25,1,65696,33,-160.0,1,Meridian & Curci,17.513510345863274,21.393289308730463,38.90679965459377,POINT (6150608.42853874 1937739.11860557),462.0122075185947
25,1,65696,34,189.5151515151515,33,Meridian & Curci,17.513510345863274,21.393289308730463,38.90679965459377,POINT (6150608.42853874 1937739.11860557),0.0
25,1,60812,35,-146.0,2,Fruitdale & Goodwin,16.91561673620497,13.89628631172749,30.81190304793245,POINT (6148630.34259991 1938763.54798715),931.2441275897108
25,1,60812,36,252.36363636363637,33,Fruitdale & Goodwin,16.91561673620497,13.89628631172749,30.81190304793245,POINT (6148630.34259991 1938763.54798715),0.0
25,1,60813,36,-183.5,2,Fruitdale & Leigh,13.27419018889606,71.43564499226262,84.70983518115871,POINT (6147687.25918424 1938775.32880348),249.37173929688754
25,1,60813,37,223.8181818181818,33,Fruitdale & Leigh,13.27419018889606,71.43564499226262,84.70983518115871,POINT (6147687.25918424 1938775.32880348),0.0
25,1,60814,37,-242.5,2,Fruitdale & Sherman Oaks,7.568876548288315,17.718084937937878,25.286961486226183,POINT (6146570.62198183 1938793.06662889),341.0362853226345
25,1,60814,38,186.12121212121212,33,Fruitdale & Sherman Oaks,7.568876548288315,17.718084937937878,25.286961486226183,POINT (6146570.62198183 1938793.06662889),0.0
25,1,60815,38,-296.5,2,Bascom & Fruitdale,142.5156167362049,198.2448264154147,340.7604431516197,POINT (6145332.2097605 1938912.12446165),589.459992676994
25,1,60815,39,145.96875,32,Bascom & Fruitdale,142.5156167362049,198.2448264154147,340.7604431516197,POINT (6145332.2097605 1938912.12446165),0.0
25,1,60816,39,-273.5,2,Jeffrey V. Smith & Turner (Valley Medical Center),58.50939534321886,124.79731077745784,183.3067061206767,POINT (6144653.343008 1940335.76892406),729.536448375478
25,1,60820,40,-14.0,1,Moorpark & Thornton,28.83355239531709,5.88636159592042,34.71991399123752,POINT (6143153.42310758 1940806.69580373),473.617146198382
25,1,60816,40,170.90625,32,Jeffrey V. Smith & Turner (Valley Medical Center),58.50939534321886,124.79731077745784,183.3067061206767,POINT (6144653.343008 1940335.76892406),473.617146198382
25,1,60820,41,347.0625,16,Moorpark & Thornton,28.83355239531709,5.88636159592042,34.71991399123752,POINT (6143153.42310758 1940806.69580373),473.617146198382
25,1,60821,41,-46.0,1,Moorpark & Monroe,0.9235267183796588,4.318394922071393,5.241921640451053,POINT (6142273.832019 1940819.87392698),404.4307561673477
25,1,60821,42,320.75,16,Moorpark & Monroe,0.9235267183796588,4.318394922071393,5.241921640451053,POINT (6142273.832019 1940819.87392698),0.0
25,1,60822,42,-126.0,1,Winchester & Moorpark,25.32020250990838,76.08211257696549,101.40231508687393,POINT (6139937.46792533 1940648.78306182),702.6487052434064
25,1,60822,43,302.1875,16,Winchester & Moorpark,25.32020250990838,76.08211257696549,101.40231508687393,POINT (6139937.46792533 1940648.78306182),0.0
25,1,60823,43,-148.0,1,Winchester & Magliocco,40.12460317460317,55.65178579590345,95.77638897050664,POINT (6139933.05126749 1940007.22463365),399.0267385310659
25,1,60823,44,282.625,16,Winchester & Magliocco,40.12460317460317,55.65178579590345,95.77638897050664,POINT (6139933.05126749 1940007.22463365),0.0
25,1,60825,44,-186.0,1,Williams & Winchester,35.366229930200504,38.0449116243234,73.4111415545239,POINT (6139741.82035075 1938234.60842822),647.7802548044
25,1,60825,45,246.5625,16,Williams & Winchester,35.366229930200504,38.0449116243234,73.4111415545239,POINT (6139741.82035075 1938234.60842822),0.0
25,1,60826,45,-57.0,1,Williams & Eden,6.501739518651275,3.610068036538624,10.111807555189907,POINT (6138352.39891699 1938238.70618907),578.7055628805881
25,1,60828,46,-66.0,1,Williams & Cypress,6.833354227471877,6.998394334423747,13.831748561895616,POINT (6137010.25133882 1938252.69730282),317.36059104958736
25,1,60826,46,261.8125,16,Williams & Eden,6.501739518651275,3.610068036538624,10.111807555189907,POINT (6138352.39891699 1938238.70618907),317.36059104958736
25,1,60828,47,220.6875,16,Williams & Cypress,6.833354227471877,6.998394334423747,13.831748561895616,POINT (6137010.25133882 1938252.69730282),317.36059104958736
25,1,60829,47,-72.0,1,Williams & Boynton,15.99423280967398,33.258481795981815,49.25271460565576,POINT (6135004.97122866 1938158.79493156),723.224964248327
25,1,60829,48,238.9375,16,Williams & Boynton,15.99423280967398,33.258481795981815,49.25271460565576,POINT (6135004.97122866 1938158.79493156),0.0
25,1,60830,48,-98.0,1,Williams & Oakmont,10.335523136993723,20.172992611963203,30.508515748956913,POINT (6134010.28227316 1938109.22514881),237.94986596196452
25,1,60830,49,232.1875,16,Williams & Oakmont,10.335523136993723,20.172992611963203,30.508515748956913,POINT (6134010.28227316 1938109.22514881),0.0
25,1,60831,49,-127.0,1,Williams & Orchid,2.418264007234596,17.369863306628012,19.788127313862603,POINT (6132919.34285399 1938098.71532731),301.36138759367213
25,1,60831,50,212.0,16,Williams & Orchid,2.418264007234596,17.369863306628012,19.788127313862603,POINT (6132919.34285399 1938098.71532731),0.0
25,1,60832,50,-107.0,1,Williams & Saratoga,27.995657773598943,49.57511916188383,77.5707769354828,POINT (6131781.30641617 1938108.29273598),335.37045445275373
25,1,60832,51,224.53333333333333,15,Williams & Saratoga,27.995657773598943,49.57511916188383,77.5707769354828,POINT (6131781.30641617 1938108.29273598),0.0
25,1,60833,51,-44.0,1,Williams & Leo,4.6576784326784315,2.541709515974221,7.199387948652652,POINT (6130812.83427174 1938245.59790756),303.01256383200166
25,1,60833,52,244.66666666666666,15,Williams & Leo,4.6576784326784315,2.541709515974221,7.199387948652652,POINT (6130812.83427174 1938245.59790756),0.0
25,1,60834,52,-68.0,1,Williams & Rockdale,2.3637793578970037,3.46572234954588,5.829501707442883,POINT (6129757.96236575 1938289.99414423),335.42365464427354
25,1,60835,53,-98.0,1,Williams & Happy Valley,6.182890312302077,3.172657652804709,9.355547965106789,POINT (6128461.09848966 1938298.59025565),385.7025591025007
25,1,60834,53,219.6,15,Williams & Rockdale,2.3637793578970037,3.46572234954588,5.829501707442883,POINT (6129757.96236575 1938289.99414423),385.7025591025007
25,1,60835,54,202.93333333333334,15,Williams & Happy Valley,6.182890312302077,3.172657652804709,9.355547965106789,POINT (6128461.09848966 1938298.59025565),385.7025591025007
25,1,60836,54,-117.0,1,Moorpark & Lawrence,7.128700874289101,11.425299455446517,18.55400032973561,POINT (6127002.98526417 1938664.86905065),549.4729014446149
25,1,60836,55,209.2,15,Moorpark & Lawrence,7.128700874289101,11.425299455446517,18.55400032973561,POINT (6127002.98526417 1938664.86905065),0.0
25,1,60837,55,-58.0,1,Bollinger & Wunderlich,4.8548769857593355,9.685696493049434,14.540573478808774,POINT (6125887.48290199 1938809.0685654),302.9158926609146
25,1,60837,56,225.73333333333332,15,Bollinger & Wunderlich,4.8548769857593355,9.685696493049434,14.540573478808774,POINT (6125887.48290199 1938809.0685654),0.0
25,1,60838,56,-95.0,1,Bollinger & Johnson,19.460454578101626,5.829062930533519,25.289517508635143,POINT (6124475.10974249 1939013.43298607),434.24498629429775
25,1,60838,57,214.13333333333333,15,Bollinger & Johnson,19.460454578101626,5.829062930533519,25.289517508635143,POINT (6124475.10974249 1939013.43298607),0.0
25,1,60839,57,-127.0,1,Bollinger & Tantau,6.469422162804513,5.460294117647062,11.92971628045158,POINT (6123057.60864049 1939169.15708406),464.1810476504097
25,1,60839,58,188.0,15,Bollinger & Tantau,6.469422162804513,5.460294117647062,11.92971628045158,POINT (6123057.60864049 1939169.15708406),0.0
25,1,60840,58,-149.0,1,Bollinger & Miller,18.87624924095513,20.243296491090607,39.11954573204576,POINT (6121291.370047 1939054.93454348),471.4862588430584
25,1,60841,59,-71.0,1,Bollinger & Alderbrook,2.205319925172866,2.135801698301698,4.3411216234745655,POINT (6120225.71732266 1938988.44517514),378.714582642437
25,1,60840,59,167.13333333333333,15,Bollinger & Miller,18.87624924095513,20.243296491090607,39.11954573204576,POINT (6121291.370047 1939054.93454348),378.71458264243705
25,1,60841,60,182.86666666666667,15,Bollinger & Alderbrook,2.205319925172866,2.135801698301698,4.3411216234745655,POINT (6120225.71732266 1938988.44517514),378.714582642437
25,1,60842,60,-144.0,1,Bollinger & Blaney,5.286091196385315,13.059766948737542,18.345858145122836,POINT (6118507.0035685 1939008.00386307),496.56801207605525
25,1,60842,61,131.86666666666667,15,Bollinger & Blaney,5.286091196385315,13.059766948737542,18.345858145122836,POINT (6118507.0035685 1939008.00386307),0.0
25,1,60844,61,-259.0,2,De Anza & Bollinger,19.15229672288495,49.63026997512292,68.78256669800787,POINT (6116138.35705908 1939996.75155748),845.9191625538172
25,1,60844,62,39.8,15,De Anza & Bollinger,19.15229672288495,49.63026997512292,68.78256669800787,POINT (6116138.35705908 1939996.75155748),0.0
25,1,62312,62,-264.5,2,De Anza & Pacifica,18.195843535549415,23.549298985328388,41.7451425208778,POINT (6116148.37475558 1941408.04072964),415.3838527773266
25,1,62312,63,19.0,15,De Anza & Pacifica,18.195843535549415,23.549298985328388,41.7451425208778,POINT (6116148.37475558 1941408.04072964),0.0
25,1,64658,63,-297.0,2,De Anza & Rodrigues,1.1870360032124745,7.098711582535109,8.285747585747583,POINT (6116154.44495341 1942293.92347232),365.3533336647568
25,1,60660,64,-319.0,2,Stevens Creek & De Anza,85.34525613275612,218.67659334129925,304.02184947405533,POINT (6115865.54428449 1943743.24668914),425.4788835542646
25,1,64658,64,-16.6,15,De Anza & Rodrigues,1.1870360032124745,7.098711582535109,8.285747585747583,POINT (6116154.44495341 1942293.92347232),422.84557541229316
25,1,60661,65,-341.0,2,Stevens Creek & Saich,35.1929375363199,101.81579539741304,137.00873293373286,POINT (6114945.06515433 1943758.70794432),781.0439716883517
25,1,60660,65,13.2,15,Stevens Creek & De Anza,85.34525613275612,218.67659334129925,304.02184947405533,POINT (6115865.54428449 1943743.24668914),444.9781924474248
25,1,60661,66,-6.8125,16,Stevens Creek & Saich,35.1929375363199,101.81579539741304,137.00873293373286,POINT (6114945.06515433 1943758.70794432),355.5650881340871
60,0,62707,3,36.40625,32,Winchester & Rincon,19.63581712405242,0.3129901960784313,19.94880732013085,POINT (6139932.38722683 1929582.07848923),440.22972727369057
60,0,62708,4,34.43333333333333,30,Winchester & Campbell,74.09404108962933,10.386331642213992,84.48037273184335,POINT (6139942.64508033 1930413.26613131),255.16856589664576
60,0,62709,5,21.28125,32,Winchester & Latimer,5.966766648384298,4.933880090497735,10.900646738882031,POINT (6139949.90589258 1931689.48733215),428.67645234150694
60,0,62710,6,1.375,32,Winchester & Hamilton,49.4299810483634,21.21593137254903,70.6459124209124,POINT (6139958.05941959 1932459.89524014),269.99104576314744
60,0,62711,7,43.96875,32,Winchester & Colonial,51.23043908705672,38.444488436400206,89.67492752345693,POINT (6139981.52000257 1933823.98929673),601.5135970951368
60,0,62712,8,46.0,32,Winchester & Driftwood,61.78168514492043,11.820323630617752,73.60200877553818,POINT (6139988.46093358 1934516.12472348),625.1163270767001
60,0,62713,9,36.25,32,Winchester & Payne,78.61461324623092,31.525894203835374,110.1405074500663,POINT (6139997.41892092 1935620.07855231),399.194201793553
60,0,62714,10,-4.125,32,Winchester & Walgrove,20.727778104248685,11.907730912877968,32.635509017126665,POINT (6140009.64855525 1937442.07950148),1132.9696636089718
60,0,62095,11,-10.03125,32,Winchester & Williams,83.44136394651096,73.03978154198744,156.48114548849836,POINT (6140011.90248774 1938413.58838522),321.36156007566177
60,0,60722,12,-20.25,32,Winchester & Magliocco,64.01413039574807,44.41911250514193,108.43324290089,POINT (6140027.59504166 1939801.83724914),446.34231175897617
60,0,62716,13,-33.21875,32,Winchester & Moorpark,31.922571709336403,15.843041598923952,47.76561330826036,POINT (6140031.95789383 1940684.09762374),295.6762460869942
60,0,62717,14,-25.71875,32,Winchester & Olsen,24.316511674599912,25.13139148433266,49.44790315893258,POINT (6140047.324661 1941807.25285773),376.46131280500015
60,0,62718,15,-13.15625,32,Winchester & Olin,16.433873316226258,37.07582588979648,53.50969920602272,POINT (6140045.69408683 1942602.93925849),224.8491820177519
60,0,65907,16,11.46875,32,WINCHESTER & STEVENS CREEK,66.80991606432782,115.36421805318864,182.1741341175165,POINT (6140061.03231074 1943836.79604273),420.36573274299764
60,0,64927,17,40.75,32,Winchester & Forest,59.36667572623454,26.014773625067736,85.38144935130224,POINT (6140049.70490558 1944607.14259915),221.1595718511406
60,0,62720,18,40.935483870967744,31,Winchester & Woodland,10.093224259400724,12.061491449726743,22.154715709127466,POINT (6140083.49289575 1946355.98162115),468.82381622292127
60,0,62721,19,33.193548387096776,31,Winchester & Kenwood,12.824670754082511,7.588334296422531,20.41300505050505,POINT (6140087.16185166 1946968.0561844),194.4711162864308
60,0,62722,20,27.548387096774192,31,Winchester & Tulip,3.6602520845167894,5.502422250951661,9.162674335468449,POINT (6140099.87836166 1947751.13992006),212.043755619203
60,0,62723,21,17.612903225806452,31,Winchester & Newhall,18.32669267007502,12.268692581927878,30.595385252002902,POINT (6140121.47444709 1948713.24626356),288.58058722939495
60,0,62725,22,-0.3548387096774194,31,Bellomy & Lincoln,8.127348958231305,12.4159054181113,20.54325437634261,POINT (6140369.55564383 1950407.05783656),730.0600591167206
60,0,62726,23,-5.451612903225806,31,Monroe & Bellomy,3.867907909084378,6.051249485808309,9.919157394892688,POINT (6141468.148591 1951002.19641006),342.99417408291635
60,0,61472,25,-14.96875,32,Benton & Main,8.776253240223829,18.81027101982984,27.58652426005366,POINT (6141306.184348 1953239.10597824),905.2873745784776
60,0,61473,26,-74.34375,32,Benton & Alviso,7.692179960562308,21.743608923755975,29.43578888431829,POINT (6142389.65724666 1953710.70411639),380.83654209261624
60,0,60391,27,-128.90625,32,Benton & Sherman,17.724094369682582,43.34934787434788,61.073442244030446,POINT (6143346.16911316 1954114.01662998),246.79436618622995
60,0,65228,28,-84.35483870967742,31,Santa Clara Transit Center,194.24108709917536,150.11373789609078,344.3548249952661,POINT (6143971.91359659 1954351.65526231),1737.7816087407534
60,0,64543,29,65.51612903225806,31,Coleman & Brokaw,23.126327185886016,23.32677330839095,46.45310049427695,POINT (6144767.11541824 1955556.06853589),410.30842459214114
60,0,64545,30,-68.19354838709677,31,Coleman & Earthquakes,13.671751859251858,20.918347502171027,34.59009936142291,POINT (6147760.93095291 1953899.35957898),942.348321028459
60,0,60008,31,-102.16666666666667,30,San Jose Airport Terminal A,106.41027820218996,97.1836573557162,203.59393555790604,POINT (6146822.45087449 1959780.7825274),4434.59863629
60,0,66019,32,-37.09375,32,San Jose Airport Terminal B,105.51564358843768,69.77195386313034,175.28759745156796,POINT (6148161.17227842 1958273.94794264),1925.2041654087361
60,0,65952,33,-22.71875,32,SKYPORT & TECHNOLOGY,10.974962619080264,27.90470820029643,38.87967081937671,POINT (6150083.01521949 1958642.0761434),1455.2015426818102
60,0,65867,34,-72.21875,32,1ST & METRO,57.75118639530409,111.31920832435536,169.07039471965945,POINT (6150544.902091 1959913.96894081),801.7772670076627
60,0,65954,35,-37.96875,32,BROKAW & 1ST,29.277457346575,20.043677809118975,49.32113515569399,POINT (6149769.10114916 1961634.28210123),1294.2136222367599
60,0,62636,36,-92.6875,32,Brokaw & Bering,10.45137493225729,4.716516490045899,15.167891422303192,POINT (6150790.16603616 1962681.41124056),702.7818323649062
60,0,62638,37,-127.4375,32,Brokaw & Rogers,7.632625462772521,9.570924990042636,17.203550452815158,POINT (6151541.19143699 1963285.47860198),278.2907843009208
60,0,62639,38,-138.9375,32,Brokaw & Junction,15.086808452984917,15.936890070713602,31.023698523698503,POINT (6152470.88380332 1963985.19636264),265.10789311338146
60,0,62640,39,-181.65625,32,Brokaw & Ridder Park,8.240647179617767,24.585475472240173,32.82612265185795,POINT (6154888.25560899 1964720.18111314),815.6872575404768
60,0,62641,40,-188.875,32,Murphy & Oakland,29.275514926250217,49.64635389120686,78.92186881745704,POINT (6156364.32745999 1964773.1504954),485.4336690052404
60,0,62642,41,-114.875,32,Murphy & Ringwood,4.209631871396576,20.619405920876503,24.829037792273073,POINT (6157971.57227699 1965676.34980448),512.3486327013987
60,0,65815,42,-96.93548387096774,31,Lundy & Hostetter,20.5284603468427,88.81212986360043,109.34059021044308,POINT (6158904.9070245 1966697.76967764),540.2017693313493
60,0,63918,43,-143.61290322580646,31,Lundy & McKay,10.12883791045555,40.5999820440997,50.728819954555235,POINT (6158023.09153092 1968050.17215656),533.8385320861615
60,0,63919,44,-185.61290322580646,31,Lundy & Commerce,2.8159077850254333,6.626229081376137,9.442136866401569,POINT (6157704.89859775 1969220.16194256),297.7695044032244
60,0,63920,45,-216.125,32,Lundy & Concourse,6.029826301149828,14.404291705027,20.434118006176824,POINT (6157660.01286075 1970226.96143815),306.9768885721303
60,0,63921,46,-264.71875,32,Lundy & Fortune,2.1094510881275577,15.099696790137962,17.209147878265526,POINT (6157647.27305683 1971578.49285582),462.70311580337454
60,0,63922,47,-261.8125,32,Trade Zone & Lundy,0.5499500499500496,7.18737406384465,7.737324113794701,POINT (6157459.64613549 1972401.70118314),298.08701780772213
60,0,63923,48,-305.21875,32,Trade Zone & Ringwood,3.854212780683368,10.025390132743071,13.87960291342644,POINT (6156359.67294174 1972528.41746515),536.5474437216269
60,0,63926,49,-272.5625,32,Montague & Trade Zone,5.174993470581705,46.688427585486416,51.863421056068134,POINT (6155922.20760933 1972724.66444798),308.9431582465989
60,0,65882,50,-301.0625,32,MILPITAS BART - 6,322.55477520845164,325.1055660842425,647.6603412926939,POINT (6157506.77563441 1974809.09236573),960.126068924716
60,1,63942,3,248.15625,32,Trade Zone & Ringwood,21.85895289351172,8.162364188099483,30.02131708161119,POINT (6156415.88674007 1972440.91271889),849.8650139505473
60,1,63943,4,212.96875,32,Lundy & Trade Zone,13.44915288959406,0.7119291656056357,14.161082055199698,POINT (6157700.0275445 1972078.77236706),429.9143295861623
60,1,63944,5,196.84375,32,Lundy & Fortune,10.186004273504272,2.3671487825899575,12.55315305609423,POINT (6157583.35914266 1971636.97764698),282.8022482740874
60,1,63945,6,131.65625,32,Lundy & Concourse,13.050135158958692,5.433436742995563,18.483571901954253,POINT (6157598.38568741 1969911.7996669),960.2447164209208
60,1,63946,7,101.40625,32,Lundy & Commerce,5.138535320888265,2.9339884788414197,8.07252379972968,POINT (6157634.2284635 1969098.13134673),307.4175874808092
60,1,63947,8,62.1875,32,Lundy & McKay,48.11994321038438,14.212274979922034,62.33221819030639,POINT (6157996.021047 1967948.97780515),305.2265805688565
60,1,62672,9,14.903225806451612,31,Murphy & Lundy,46.003030711118925,15.219604251957191,61.222634963076146,POINT (6158790.47779141 1966426.72067906),596.3615486986666
60,1,62673,10,-15.0,31,Murphy & Ringwood,26.624460098724793,13.762079423844126,40.38653952256893,POINT (6157627.90400109 1965564.20042248),428.56485395634
60,1,62674,11,-8.516129032258064,31,Brokaw & Oakland,39.5160426175132,22.282154365242594,61.79819698275583,POINT (6155723.91043374 1964949.84732048),664.2331512625346
60,1,62675,12,33.25,32,Brokaw & Ridder Park,12.171857309357303,6.0799688873218285,18.251826196679144,POINT (6154620.67510742 1964703.79367873),334.23352758084445
60,1,62676,13,-52.9375,32,Brokaw & Junction,19.5003938871586,29.47547681077092,48.97587069792952,POINT (6151806.94681099 1963642.33976489),1088.1326864410391
60,1,65953,14,-105.21875,32,1ST & BROKAW,17.166847205082497,38.098823317205664,55.265670522288175,POINT (6149607.297667 1961293.70797923),970.7338334523631
60,1,60014,15,-124.375,32,1st & Metro @ Metro Station,99.06068620921565,57.99546564546564,157.05615185468125,POINT (6150233.01229483 1960218.74228139),402.8579454715449
60,1,64656,16,-8.75,32,Skyport & Technology,24.340749609867252,11.627225633843278,35.967975243710555,POINT (6150015.83228299 1958735.22195448),665.6396954012499
60,1,60011,18,-16.884615384615383,26,San Jose Airport Terminal B,101.89522928052337,69.91789248333367,171.81312176385703,POINT (6148114.70649208 1958314.71065639),615.4685024941107
60,1,64522,19,-27.46875,32,Coleman & Newhall,9.337528321351853,11.463358047181574,20.80088636853342,POINT (6148015.44717616 1953852.15429281),3256.7404537613684
60,1,64523,20,-51.0625,32,Coleman & Earthquakes,6.246420409655702,11.31097725803608,17.557397667691784,POINT (6147411.83716291 1954226.21522447),216.73878870603036
60,1,64524,21,-90.75,32,Coleman & Brokaw,13.687268613739196,21.88843925682161,35.57570787056082,POINT (6144914.01866774 1955639.02735949),942.7029615129068
60,1,65843,23,-39.24242424242424,33,Santa Clara Transit Center,175.7124845742493,180.9943977591036,356.706882333353,POINT (6144037.09817749 1954318.24522415),410.308424592141
60,1,60461,24,32.27272727272727,33,Benton & El Camino,36.111514384308485,15.610469106057336,51.72198349036584,POINT (6143295.21481875 1954146.48113199),2333.5990453783347
60,1,65788,25,-1.878787878787879,33,Benton & Lafayette,7.316567664361782,5.381204987822636,12.697772652184414,POINT (6141866.47915916 1953546.89637315),399.19837845312543
60,1,61475,26,-39.878787878787875,33,Benton & Main,16.877713054918924,5.543825129119246,22.42153818403816,POINT (6141317.01700349 1953300.47954315),228.43252982572068
60,1,62746,28,-34.54545454545455,33,Market & Monroe,7.648854740031211,6.472873205226145,14.121727945257357,POINT (6141243.680536 1951245.27367981),787.431890554667
60,1,62747,29,-58.93939393939394,33,Market & Lincoln,6.878189620836677,5.963451744334098,12.84164136517077,POINT (6140219.31217791 1950805.57738073),344.01877768489805
60,1,62748,30,-58.93939393939394,33,Winchester & Bellomy,7.631733299380356,6.700990757608403,14.332724056988754,POINT (6139762.27962741 1950055.96372248),348.10186960186644
60,1,62749,31,-97.72727272727273,33,Winchester & Newhall,19.640924435042074,18.250784101519397,37.89170853656147,POINT (6140052.55168466 1948506.02226856),502.14742369663975
60,1,62750,32,-115.45454545454545,33,Winchester & Tulip,4.088331684655214,7.296795524736702,11.385127209391912,POINT (6140031.48053259 1947596.70879848),288.58058722939495
60,1,62751,33,-135.36363636363637,33,Winchester & Dolores,10.632434966993795,11.788508142184613,22.420943109178396,POINT (6140017.50615108 1946826.39012915),234.3385122345848
60,1,61618,34,-140.15151515151516,33,Winchester & Pruneridge,6.7418747102570595,12.482437986849751,19.224312697106814,POINT (6139993.80541109 1945709.91795264),333.3965962648639
60,1,64926,35,-167.72727272727272,33,Winchester & Worthington,39.79433564801213,70.95200567406447,110.74634132207662,POINT (6139964.88486524 1944575.68367256),307.6035796291063
60,1,62753,36,-73.3225806451613,31,Winchester & Stevens Creek,114.04481188745888,63.61646743779094,177.66127932524995,POINT (6139971.84909016 1943129.91195782),968.4330928151703
60,1,62754,37,1.46875,32,Winchester & Olsen,29.642949044419627,26.05287571905219,55.69582476347179,POINT (6139948.73102616 1941825.89553697),574.3701781442707
60,1,60822,38,-12.46875,32,Winchester & Moorpark,25.32020250990838,76.08211257696549,101.40231508687393,POINT (6139937.46792533 1940648.78306182),425.7985018926164
60,1,60823,39,-33.625,32,Winchester & Magliocco,40.12460317460317,55.65178579590345,95.77638897050664,POINT (6139933.05126749 1940007.22463365),399.0267385310659
60,1,62755,40,-55.774193548387096,31,Winchester & Williams,50.52054693672343,56.60354514766282,107.1240920843862,POINT (6139911.36922425 1938120.18739723),1157.1513457158223
60,1,62756,41,-62.72727272727273,33,Winchester & Greentree,3.8205269403798825,8.177111695494048,11.997638635873932,POINT (6139913.62709375 1936914.4621184),814.8518833333593
60,1,62757,42,-80.0,33,Winchester & Payne,31.166996320672784,98.78086766175,129.9478639824228,POINT (6139896.51065816 1935396.96384107),826.2391320386965
60,1,62758,43,-86.42424242424242,33,Winchester & Cadillac,39.08963928228635,78.24633438456968,117.33597366685603,POINT (6139883.86927925 1933961.69308956),497.1813006405193
60,1,62760,44,-65.54545454545455,33,Winchester & Hamilton,25.11129566707802,48.95748787356434,74.06868354064235,POINT (6139880.11830249 1932536.84554556),384.511446797149
60,1,62761,45,-74.54545454545455,33,Winchester & Latimer,3.3739468864468867,8.92108594020358,12.295032826650466,POINT (6139882.52184099 1931452.74371114),306.0920786576993
60,1,62762,46,-85.54545454545455,33,Winchester & Campbell,9.925856251591544,61.75162337662338,71.67747962821491,POINT (6139859.41886882 1930543.82754998),393.3886962967834
60,1,62764,47,-134.63636363636363,33,Winchester & Mission,0.8242424242424236,21.06433403198109,21.88857645622352,POINT (6139863.94182566 1929220.81313564),320.578336977624
60,1,62765,48,-184.6969696969697,33,Winchester & Catalpa,1.0500969618616676,25.023829520153043,26.07392648201471,POINT (6139859.44281891 1928554.8587589),180.9412565888868
522,0,60330,3,32.0,33,El Camino & Galvez,66.45979102596746,7.4282283892578,73.88801941522533,POINT (6079788.22634742 1985807.8761424),1049.3189253786772
522,0,60335,4,-161.03125,32,El Camino & California,104.72777900204368,45.388473209796736,150.11625221184042,POINT (6083824.35869507 1981339.69413389),1822.693544094972
522,0,60336,5,-107.12121212121212,33,El Camino & Page Mill,71.98633047279519,18.622602534067234,90.60863300686248,POINT (6085022.45013091 1980516.03895706),461.8969210712214
522,0,60343,6,-195.93939393939394,33,El Camino & Arastradero,66.26076929606343,36.60595572727924,102.86672502334268,POINT (6090330.29056507 1975716.68208598),2180.684810479042
522,0,60347,7,-230.44827586206895,29,El Camino & Showers,328.27674041644633,179.51026032790733,507.7870007443535,POINT (6093922.88508591 1971893.94432464),1697.1283076564428
522,0,60355,8,-238.15151515151516,33,El Camino & Castro,168.81013390204564,86.6447938499409,255.45492775198665,POINT (6101792.86015958 1966567.14198615),3034.1660765426263
522,0,60361,9,-268.1515151515151,33,El Camino & Knickerbocker,137.08336393998158,113.35882540661946,250.4421893466012,POINT (6109107.41245958 1962470.7377774),2776.78598346683
522,0,60366,10,-262.6363636363636,33,El Camino & Sunnyvale-Saratoga,206.28874320124325,164.68905767435172,370.97780087559505,POINT (6116676.92356725 1959666.36608957),2550.8834364011286
522,0,60368,11,-271.8181818181818,33,El Camino & Remington,145.21370475929297,111.41277954072068,256.6264843000138,POINT (6118673.10822317 1957526.05967465),765.7892028895945
522,0,60370,12,-301.6060606060606,33,El Camino & Wolfe,112.46525019098544,87.78768110973994,200.2529313007254,POINT (6121797.77159324 1954414.28276172),1329.3415967566254
522,0,60373,13,-307.3529411764706,34,El Camino & Halford,170.8955093925682,123.51772288169347,294.4132322742616,POINT (6126103.48575082 1954168.01127264),1352.994447435627
522,0,60378,14,-319.1818181818182,33,El Camino & Kiely,196.48269214445685,130.36642018112605,326.8491123255829,POINT (6132551.84457324 1954093.54947931),1925.363187530244
522,0,60382,15,-323.1818181818182,33,El Camino & Scott,193.24662225029863,153.86541522203285,347.1120374723316,POINT (6137030.32478949 1954033.09290731),1350.0586343868242
522,0,61316,16,-317.52941176470586,34,Santa Clara Transit Center,177.75093378843377,88.2988206238206,266.04975441225446,POINT (6144110.788975 1954081.51078948),2419.436635985023
522,0,60400,17,-299.1764705882353,34,The Alameda & Naglee,160.79183879845644,129.70788231376463,290.49972111222115,POINT (6148984.787101 1948553.67702889),2572.096759275535
522,0,60403,18,-388.9117647058824,34,The Alameda & Hanchett,120.07972232016344,68.30533192297897,188.3850542431425,POINT (6150818.96880008 1946595.94603623),808.9831651194118
522,0,60408,19,-422.38235294117646,34,Santa Clara & Montgomery,201.4695195327548,133.47078999431943,334.9403095270741,POINT (6154169.72161299 1946352.91929132),1082.7415107869847
522,0,60410,20,-426.6470588235294,34,Santa Clara & Almaden Blvd,113.77992889463488,90.20796638002528,203.9878952746602,POINT (6156121.946055 1947090.27149114),638.8095153608626
522,0,65850,21,-347.1212121212121,33,Santa Clara & 2nd,302.12006930977526,329.5230968378028,631.6431661475775,POINT (6157671.70509458 1947988.13321248),545.5850019888107
522,0,60413,22,-257.7352941176471,34,Santa Clara & 6th,2008.3313936880124,1159.265020110608,3167.5964137986184,POINT (6158928.50802717 1948704.70395781),436.01436494100227
522,0,60418,23,-302.97058823529414,34,Santa Clara & 17th,74.73168653242185,195.31395124483353,270.04563777725554,POINT (6162125.66469058 1950549.64613406),1120.609599446762
522,0,60420,24,-336.70588235294116,34,Santa Clara & 24th,95.10504046606988,123.49301597095712,218.59805643702703,POINT (6164064.792374 1951680.29938456),681.3044428787589
522,0,65856,25,-270.2857142857143,35,Alum Rock & King,34.55937534687534,87.99397546897548,122.55335081585078,POINT (6167823.32193041 1953857.80979331),1266.2658718384623
522,0,65858,26,-285.4,35,Alum Rock & Jackson,29.864699189699213,113.24741924741922,143.11211843711848,POINT (6171354.06880592 1955882.5186704),1411.0415745257096
522,0,65846,27,-289.47058823529414,34,Capitol & Nuesta Castillo,75.5721472971473,138.93085248085245,214.50299977799983,POINT (6174468.83029291 1955571.80866189),1492.9552975291783
522,0,64579,28,-240.23529411764707,34,Capitol & Story,15.23609446109446,67.78882645132647,83.0249209124209,POINT (6176068.71488841 1952559.1217739),1542.1532170867458
522,0,61884,29,-376.38235294117646,34,Capitol & Ocala,18.929513950102184,64.27853772044949,83.20805167055167,POINT (6178010.75988883 1948961.63257781),2045.0680989767227
522,0,65812,30,-442.8285714285714,35,Eastridge Transit Center (Bay 5),0.0,1087.191627979863,1087.191627979863,POINT (6180650.18013491 1944273.75087748),2361.5299623477604
522,1,64581,3,-57.67741935483871,31,Capitol & Ocala,43.03497752247751,9.937753912753912,52.97273143523145,POINT (6177729.50159308 1949757.24056664),2467.1694770282306
522,1,63821,4,-208.29032258064515,31,Capitol & Story,74.82427156177157,19.53278388278388,94.35705544455544,POINT (6175940.51009233 1953235.32744248),1675.3142555642737
522,1,65847,5,-282.7096774193548,31,Capitol & Wilbur (Alum Rock Stn),104.3065725940726,64.09729853479855,168.40387112887117,POINT (6174545.51386657 1955690.51938248),873.6199596758065
522,1,65859,6,-269.06666666666666,30,Alum Rock & Jackson,140.22651098901102,27.12288961038961,167.34940059940052,POINT (6171040.61766116 1955733.35131781),1437.4457331419985
522,1,65857,7,-281.61290322580646,31,Alum Rock & King,84.49004329004329,25.28002830502831,109.7700715950716,POINT (6167491.05323799 1953696.9383959),1246.179959044059
522,1,60431,8,-293.258064516129,31,Santa Clara & 24th,161.8811642605759,85.95269322181085,247.83385748238675,POINT (6164019.37448584 1951715.55685998),1254.2566839825238
522,1,60434,9,-328.4516129032258,31,Santa Clara & 17th,190.16335739423965,67.19104204618914,257.35439944042884,POINT (6162058.020797 1950595.79367957),681.3044428787589
522,1,60439,10,-376.16129032258067,31,Santa Clara & 5th,1412.6696955005775,2011.2584045856097,3423.9281000861847,POINT (6158689.41008016 1948639.05743556),1229.6278704845352
522,1,60440,11,-270.9032258064516,31,Santa Clara & 1st,242.83936618936627,270.7777431718608,513.6171093612268,POINT (6157509.51184942 1947971.97084323),442.25282434545784
522,1,60443,12,-151.90625,32,Santa Clara & Almaden Blvd,84.92682978785932,114.74602815485174,199.6728579427109,POINT (6155888.49442217 1947014.7332564),492.6409067006181
522,1,60445,13,-178.15625,32,Santa Clara & Cahill,115.76268690459868,129.75330617095318,245.515993075552,POINT (6154143.02940917 1946434.52313073),571.0195011798261
522,1,60449,14,-208.46875,32,The Alameda & Julian,87.3751758862053,111.26892315201142,198.64409903821672,POINT (6151087.65789525 1946423.29054165),958.0607350173052
522,1,60452,15,-246.6875,32,The Alameda & Taylor,145.55305185011065,124.8877442818619,270.44079613197255,POINT (6149022.07508416 1948635.04432023),964.1086637423301
522,1,60460,16,-266.4516129032258,31,Santa Clara Transit Center,204.61689503307153,273.29724368768495,477.91413872075657,POINT (6143823.12583642 1954052.06301373),2522.7469593542737
522,1,60468,17,-280.84375,32,El Camino & Scott,152.79689093586143,183.1872506578388,335.9841415937004,POINT (6137168.84288517 1954135.44112781),2259.8958735932833
522,1,60472,18,-291.3125,32,El Camino & Bowers,154.9156433435845,187.34735950324185,342.26300284682634,POINT (6132486.84371899 1954211.46722248),1532.7472078424262
522,1,60477,19,-373.3225806451613,31,El Camino & Lawrence,149.8619550384256,162.79366670910795,312.65562174753364,POINT (6126225.28865683 1954294.97033632),2136.6358181173623
522,1,60480,20,-260.40625,32,El Camino & Wolfe,94.9692584376408,109.58544388617916,204.55470232381995,POINT (6121346.03496391 1954846.19298714),1873.2915326603477
522,1,60482,21,-315.0,32,El Camino & Fair Oaks,130.79323307411542,150.19678205781145,280.9900151319269,POINT (6118293.529586 1958081.02313164),1306.3927923917774
522,1,60484,22,-345.80645161290323,31,El Camino & Sunnyvale,184.6028337675396,198.6747109916227,383.2775447591624,POINT (6116721.00287542 1959766.87933998),1117.6085269063074
522,1,60489,23,-237.15625,32,El Camino & Bernardo,114.458822549999,144.2848879878291,258.7437105378282,POINT (6109305.94880791 1962490.74003398),2533.1301496108667
522,1,60494,24,-249.25,32,El Camino & Castro,156.6157155752745,186.1256298440122,342.7413454192866,POINT (6101344.03034858 1966985.87080748),2776.296489139983
522,1,60500,25,-312.9375,32,El Camino & Showers,180.8278646190411,301.7052716074777,482.5331362265184,POINT (6093892.02163059 1972041.95977664),2771.782780198367
522,1,60504,26,-218.8181818181818,33,El Camino & Charleston,36.49333313745078,73.44595478051362,109.9392879179644,POINT (6090104.27133209 1976267.93524857),1736.1146694609722
522,1,60511,27,-272.3030303030303,33,El Camino & Page Mill,25.2534119475296,82.70464486493903,107.95805681246854,POINT (6084829.49546432 1980791.45277631),2204.144709953289
522,1,60512,28,-280.45454545454544,33,El Camino & California,42.25670922215041,84.85752654208538,127.1142357642358,POINT (6083695.59517308 1981548.43846706),404.3698627983755
522,1,60517,29,-309.61764705882354,34,El Camino & Embarcadero,9.836765685295097,91.2880736910149,101.12483937631,POINT (6079540.24554417 1986249.99993007),3279.7709262457574
523,0,62279,3,37.38095238095238,21,Mathilda & Ross,55.50806938159879,1.7736874236874234,57.281756805286214,POINT (6118057.95098892 1972284.27687731),624.1998234396838
523,0,62280,4,-2.5238095238095237,21,Mathilda & Almanor,74.12431767578828,14.982817998994468,89.10713567478274,POINT (6117511.094143 1970037.2777624),701.3809588188326
523,0,62282,5,-50.714285714285715,21,Mathilda & Maude,52.97390558787616,21.606635602959138,74.58054119083529,POINT (6116954.780295 1967785.70975898),715.878014143185
523,0,62284,6,-110.47619047619048,21,Mathilda & California,13.544932844932848,6.9991973712561935,20.54413021618905,POINT (6116422.45327567 1965691.0738564),882.8283268248058
523,0,61338,7,-110.57142857142857,21,Frances & Olson,233.23785691432755,105.32918127624008,338.56703819056764,POINT (6116779.77867649 1963501.03394514),960.2526531666175
523,0,65901,8,-110.52380952380952,21,Sunnyvale-Saratoga & El Camino,206.7419487375371,165.3013138821962,372.0432626197332,POINT (6116335.84911816 1959764.08013298),1336.6324446792273
523,0,62059,10,-114.19047619047619,21,Homestead & De Anza,49.95239123621476,57.445570687482416,107.3979619236972,POINT (6115956.29180641 1949068.9437149),3256.986733754837
523,0,62212,11,-69.0,21,Stelling & Homestead,111.0070701357466,45.78322559793148,156.7902957336781,POINT (6113521.13230667 1948802.69851248),800.3570872450275
523,0,62214,12,-97.57142857142857,21,Stelling & Greenleaf,9.866626265890975,6.33287096890038,16.199497234791345,POINT (6113496.35643758 1946486.73004732),758.1119433691567
523,0,60565,13,-86.23809523809524,21,Stevens Creek & Stelling,199.51017748591275,201.02775745496336,400.53793494087586,POINT (6113616.59372991 1943669.84919815),889.518302135365
523,0,60567,14,-89.52380952380952,21,Stevens Creek & De Anza,127.65898243912947,54.21818271597683,181.87716515510635,POINT (6116366.99931833 1943623.96871248),818.5911300415427
523,0,60571,15,-159.38095238095238,21,Stevens Creek & Miller,87.03860918493272,75.97098000039176,163.00958918532442,POINT (6121530.15631483 1943567.27033506),1594.7591510601167
523,0,60576,17,-167.04545454545453,22,Stevens Creek & Loma Linda,73.03007849993143,73.1779549698667,146.20803346979815,POINT (6127623.90068899 1943509.43613315),1912.8622636861853
523,0,60582,18,-215.36363636363637,22,Stevens Creek & Kiely,185.74220640470645,174.09742985772394,359.83963626243036,POINT (6132984.44475791 1943467.78595398),1579.1882187639155
523,0,60586,19,-191.5909090909091,22,Stevens Creek & Cypress,83.05321067821069,54.80013638322463,137.85334706143533,POINT (6137329.6076555 1943436.45366757),1394.4708248395907
523,0,64650,20,-224.8181818181818,22,Stevens Creek & Winchester,85.84480862274977,95.8439114806762,181.6887201034259,POINT (6139741.317399 1943416.79228956),693.3327403677507
523,0,65740,21,-203.61904761904762,21,Stevens Creek & Santana Row / Valley Fair,376.5634239126887,116.91708520237934,493.48050911506795,POINT (6140837.77846067 1943422.75290756),322.64951904133073
523,0,60594,22,-359.6190476190476,21,San Carlos & Bascom,132.51596181596187,84.94071010688658,217.4566719228485,POINT (6145536.40653057 1943363.2326854),1474.5790558433478
523,0,60600,23,-347.6363636363636,22,San Carlos & Grand,212.14257237860176,157.1120912584148,369.25466363701656,POINT (6150952.27365158 1943310.43882772),1859.5518644904855
523,0,60603,24,-338.8181818181818,22,San Carlos & Barack Obama Blvd,63.277347244259055,112.40770512167572,175.68505236593475,POINT (6154646.17735299 1943797.87026756),1350.5674627483481
523,0,60607,25,-431.77272727272725,22,San Carlos & Convention Center,21.843207038059973,130.62349382643504,152.46670086449504,POINT (6157817.57652199 1945749.03335997),1300.8848515419859
523,0,65459,26,-403.0,22,1st & Paseo de San Antonio,10.563029699059111,172.4941777993248,183.057207498384,POINT (6158157.74447682 1946588.7990689),721.5208747575039
523,0,65850,27,-389.0,23,Santa Clara & 2nd,302.12006930977526,329.5230968378028,631.6431661475775,POINT (6157671.70509458 1947988.13321248),794.1882199013878
523,0,60413,28,-442.9166666666667,24,Santa Clara & 6th,2008.3313936880124,1159.265020110608,3167.5964137986184,POINT (6158928.50802717 1948704.70395781),436.01436494100227
523,0,62943,29,-413.625,24,7th & Santa Clara,143.2345149948091,177.93838253250016,321.17289752730915,POINT (6159407.56710841 1948678.3165434),108.49689294122119
523,1,60624,6,-108.29166666666667,24,San Carlos & Barack Obama Blvd,110.7444260804555,49.20035471064885,159.94478079110422,POINT (6154555.78252067 1943820.34299165),2359.1216995402383
523,1,66001,7,-107.5,24,San Carlos & Meridian,156.29639086403796,174.04928951767187,330.34568038170977,POINT (6150710.01462166 1943405.86120906),1229.115171401289
523,1,60634,8,-92.375,24,San Carlos & Bascom,105.8506661639015,128.12761013496305,233.97827629886456,POINT (6145412.95238116 1943448.51073006),1682.0626086868353
523,1,65741,9,-215.2608695652174,23,Stevens Creek & Valley Fair / Santana Row,109.06053187009068,391.8067759038348,500.86730777392535,POINT (6141126.594156 1943538.09191573),1661.3956621394912
523,1,64696,10,-161.56521739130434,23,Stevens Creek & Winchester,85.5774433899434,90.75598910893032,176.33343249887366,POINT (6139677.16759291 1943518.2914304),485.74087851189455
523,1,60643,11,-200.6086956521739,23,Stevens Creek & Cypress,45.21385314032374,89.98405369140664,135.19790683173034,POINT (6137101.69866249 1943535.41541189),756.7679934771764
523,1,60646,12,-210.08333333333334,24,Stevens Creek & Kiely,131.52421793892384,172.41554785084193,303.939765789766,POINT (6132531.45353791 1943566.32807973),1519.318248945243
523,1,60651,13,-267.2916666666667,24,Stevens Creek & Cabot,52.817891014214545,62.39502246119896,115.21291347541344,POINT (6127904.45885491 1943613.84307656),1535.5528623344578
523,1,60656,15,-217.66666666666666,24,Stevens Creek & Wolfe,66.9904445227975,88.55780126736008,155.54824579015758,POINT (6121122.69649982 1943673.64184149),2357.0188697849835
523,1,60660,16,-292.4583333333333,24,Stevens Creek & De Anza,85.34525613275612,218.67659334129925,304.02184947405533,POINT (6115865.54428449 1943743.24668914),1716.1964173116207
523,1,62162,17,-246.16666666666666,24,Stelling & Stevens Creek,156.92823948926886,122.64125041625036,279.56948990551945,POINT (6113508.30785725 1944087.49468832),980.6938316373879
523,1,62165,18,-295.0,25,Stelling & Greenleaf,5.338313891990364,14.362164143046495,19.700478035036863,POINT (6113532.61259866 1946657.64899682),681.6328011704907
523,1,62126,19,-295.5416666666667,24,Homestead & Stelling,71.32778871455339,128.62197671609434,199.94976543064777,POINT (6113752.56753933 1949013.7371324),758.1119433691567
523,1,62317,20,-223.75,24,Sunnyvale-Saratoga & Homestead,55.50350433879844,41.54883229515579,97.05233663395424,POINT (6116278.12580842 1949208.60518098),833.3920661812222
523,1,62321,21,-285.1666666666667,24,Sunnyvale-Saratoga & Fremont,133.96836774336774,79.42384690472927,213.39221464809697,POINT (6116356.74343333 1954507.55750956),1619.364149493087
523,1,65902,22,-332.0416666666667,24,Sunnyvale-Saratoga & El Camino,189.10789798436852,219.73602157646283,408.84391956083147,POINT (6116423.22131875 1959757.18710214),1610.16428718129
523,1,60864,23,-366.60869565217394,23,Frances & Olson,131.04812173120996,206.5892014847897,337.6373232159995,POINT (6116812.15558025 1963472.82862099),1333.5232297689417
523,1,62262,24,-383.7826086956522,23,Mathilda & California,10.340543525102348,21.96525133363368,32.30579485873603,POINT (6116454.56607233 1965398.49701373),689.9776820985077
523,1,62264,25,-436.90909090909093,22,Mathilda & Maude,10.363231049995754,41.62025507172568,51.98348612172142,POINT (6117130.54503533 1968192.87134624),880.2714100402808
523,1,62265,26,-463.59090909090907,22,Mathilda & San Aleso,12.054018856960033,68.42060553825259,80.4746243952126,POINT (6117522.54753216 1969635.79365723),496.15868476047854
523,1,62266,27,-484.04545454545456,22,Mathilda & Ross,1.0957625707625709,59.22345130359835,60.31921387436093,POINT (6118104.04669724 1971957.97175564),704.6197133700077
523,1,62267,28,-523.6818181818181,22,Mathilda & Moffett Park,0.3791208791208792,21.976828073886907,22.355948953007783,POINT (6118481.88649274 1973928.06788106),790.7204353012006
523,1,64478,29,-513.0454545454545,22,Lockheed Martin Transit Center,0.0,317.4666301835418,317.4666301835418,POINT (6117801.90097608 1975568.38743506),1122.3938684105244
