trip_id,route_id,direction_id,start_time,start_date,timestamp,stop_sequence,stop_id,arr_time,dep_time
3948449,22,0,23:39:00,20260501,1777702291,1,60519,,1777703940.0
3948449,22,0,23:39:00,20260501,1777702291,2,60328,1777704061.0,1777704061.0
3948449,22,0,23:39:00,20260501,1777702291,3,60329,1777704219.0,
3948449,22,0,23:39:00,20260501,1777702291,4,60330,1777704246.0,
3948449,22,0,23:39:00,20260501,1777702291,5,60331,1777704266.0,
3948449,22,0,23:39:00,20260501,1777702291,6,60332,1777704313.0,
3948449,22,0,23:39:00,20260501,1777702291,7,60333,1777704339.0,
3948449,22,0,23:39:00,20260501,1777702291,8,60334,1777704368.0,
3948449,22,0,23:39:00,20260501,1777702291,9,60335,1777704407.0,1777704480.0
3948449,22,0,23:39:00,20260501,1777702291,10,60336,1777704480.0,
3948449,22,0,23:39:00,20260501,1777702291,11,60337,1777704506.0,
3948449,22,0,23:39:00,20260501,1777702291,12,60338,1777704527.0,
3948449,22,0,23:39:00,20260501,1777702291,13,60339,1777704541.0,
3948449,22,0,23:39:00,20260501,1777702291,14,60340,1777704568.0,
3948449,22,0,23:39:00,20260501,1777702291,15,60341,1777704594.0,
3948449,22,0,23:39:00,20260501,1777702291,16,60342,1777704611.0,
3948449,22,0,23:39:00,20260501,1777702291,17,60343,1777704651.0,
3948449,22,0,23:39:00,20260501,1777702291,18,60344,1777704679.0,
3948449,22,0,23:39:00,20260501,1777702291,19,60345,1777704708.0,
3948449,22,0,23:39:00,20260501,1777702291,20,60346,1777704757.0,
3948449,22,0,23:39:00,20260501,1777702291,21,60347,1777704785.0,1777704960.0
3948449,22,0,23:39:00,20260501,1777702291,22,60348,1777704960.0,
3948449,22,0,23:39:00,20260501,1777702291,23,60350,1777704985.0,
3948449,22,0,23:39:00,20260501,1777702291,24,60351,1777705044.0,
3948449,22,0,23:39:00,20260501,1777702291,25,60352,1777705077.0,
3948449,22,0,23:39:00,20260501,1777702291,26,60353,1777705102.0,
3948449,22,0,23:39:00,20260501,1777702291,27,60354,1777705142.0,
3948449,22,0,23:39:00,20260501,1777702291,28,60355,1777705173.0,1777705320.0
3948449,22,0,23:39:00,20260501,1777702291,29,60356,1777705332.0,
3948449,22,0,23:39:00,20260501,1777702291,30,60357,1777705368.0,
3948449,22,0,23:39:00,20260501,1777702291,31,60358,1777705383.0,
3948449,22,0,23:39:00,20260501,1777702291,32,60359,1777705419.0,
3948449,22,0,23:39:00,20260501,1777702291,33,60360,1777705487.0,
3948449,22,0,23:39:00,20260501,1777702291,34,60361,1777705528.0,
3948449,22,0,23:39:00,20260501,1777702291,35,60362,1777705565.0,
3948449,22,0,23:39:00,20260501,1777702291,36,60363,1777705626.0,
3948449,22,0,23:39:00,20260501,1777702291,37,60364,1777705683.0,
3948449,22,0,23:39:00,20260501,1777702291,38,60365,1777705722.0,
3948449,22,0,23:39:00,20260501,1777702291,39,60366,1777705756.0,1777705860.0
3948449,22,0,23:39:00,20260501,1777702291,40,60367,1777705888.0,
3948449,22,0,23:39:00,20260501,1777702291,41,60368,1777705945.0,
3948449,22,0,23:39:00,20260501,1777702291,42,60369,1777706007.0,
3948449,22,0,23:39:00,20260501,1777702291,43,60370,1777706051.0,1777706160.0
3948449,22,0,23:39:00,20260501,1777702291,44,60371,1777706180.0,
3948449,22,0,23:39:00,20260501,1777702291,45,60372,1777706198.0,
3948449,22,0,23:39:00,20260501,1777702291,46,60373,1777706239.0,
3948449,22,0,23:39:00,20260501,1777702291,47,60374,1777706326.0,
3948449,22,0,23:39:00,20260501,1777702291,48,60375,1777706379.0,
3948449,22,0,23:39:00,20260501,1777702291,49,60376,1777706401.0,
3948449,22,0,23:39:00,20260501,1777702291,50,60377,1777706414.0,
3948480,22,0,22:45:00,20260501,1777702291,28,60355,1777702309.0,1777702309.0
3948480,22,0,22:45:00,20260501,1777702291,29,60356,1777702328.0,
3948480,22,0,22:45:00,20260501,1777702291,30,60357,1777702362.0,
3948480,22,0,22:45:00,20260501,1777702291,31,60358,1777702380.0,
3948480,22,0,22:45:00,20260501,1777702291,32,60359,1777702517.0,
3948480,22,0,22:45:00,20260501,1777702291,33,60360,1777702581.0,
3948480,22,0,22:45:00,20260501,1777702291,34,60361,1777702618.0,
3948480,22,0,22:45:00,20260501,1777702291,35,60362,1777702694.0,
3948480,22,0,22:45:00,20260501,1777702291,36,60363,1777702753.0,
3948480,22,0,22:45:00,20260501,1777702291,37,60364,1777702786.0,
3948480,22,0,22:45:00,20260501,1777702291,38,60365,1777702849.0,
3948480,22,0,22:45:00,20260501,1777702291,39,60366,1777702887.0,1777702920.0
3948480,22,0,22:45:00,20260501,1777702291,40,60367,1777702949.0,
3948480,22,0,22:45:00,20260501,1777702291,41,60368,1777702999.0,
3948480,22,0,22:45:00,20260501,1777702291,42,60369,1777703083.0,
3948480,22,0,22:45:00,20260501,1777702291,43,60370,1777703131.0,1777703220.0
3948480,22,0,22:45:00,20260501,1777702291,44,60371,1777703256.0,
3948480,22,0,22:45:00,20260501,1777702291,45,60372,1777703308.0,
3948480,22,0,22:45:00,20260501,1777702291,46,60373,1777703364.0,
3948480,22,0,22:45:00,20260501,1777702291,47,60374,1777703439.0,
3948480,22,0,22:45:00,20260501,1777702291,48,60375,1777703494.0,
3948480,22,0,22:45:00,20260501,1777702291,49,60376,1777703522.0,
3948480,22,0,22:45:00,20260501,1777702291,50,60377,1777703535.0,
3948480,22,0,22:45:00,20260501,1777702291,51,60378,1777703564.0,1777703640.0
3948480,22,0,22:45:00,20260501,1777702291,52,60379,1777703660.0,
3948480,22,0,22:45:00,20260501,1777702291,53,60380,1777703728.0,
3948480,22,0,22:45:00,20260501,1777702291,54,60381,1777703744.0,
3948480,22,0,22:45:00,20260501,1777702291,55,60382,1777703766.0,
3948480,22,0,22:45:00,20260501,1777702291,56,60384,1777703827.0,
3948480,22,0,22:45:00,20260501,1777702291,57,62743,1777703848.0,
3948480,22,0,22:45:00,20260501,1777702291,58,60020,1777703878.0,
3948480,22,0,22:45:00,20260501,1777702291,59,60001,1777704021.0,1777704120.0
3948480,22,0,22:45:00,20260501,1777702291,60,60393,1777704185.0,
3948480,22,0,22:45:00,20260501,1777702291,61,60394,1777704201.0,
3948480,22,0,22:45:00,20260501,1777702291,62,60395,1777704226.0,
3948480,22,0,22:45:00,20260501,1777702291,63,60397,1777704263.0,
3948480,22,0,22:45:00,20260501,1777702291,64,60398,1777704314.0,
3948480,22,0,22:45:00,20260501,1777702291,65,60399,1777704333.0,
3948480,22,0,22:45:00,20260501,1777702291,66,60400,1777704358.0,1777704480.0
3948480,22,0,22:45:00,20260501,1777702291,67,60401,1777704507.0,
3948480,22,0,22:45:00,20260501,1777702291,68,60402,1777704523.0,
3948480,22,0,22:45:00,20260501,1777702291,69,60403,1777704538.0,
3948480,22,0,22:45:00,20260501,1777702291,70,60404,1777704589.0,
3948480,22,0,22:45:00,20260501,1777702291,71,60406,1777704621.0,
3948480,22,0,22:45:00,20260501,1777702291,72,60408,1777704645.0,
3948480,22,0,22:45:00,20260501,1777702291,73,60409,1777704690.0,
3948480,22,0,22:45:00,20260501,1777702291,74,60410,1777704733.0,
3948480,22,0,22:45:00,20260501,1777702291,75,60411,1777704754.0,
3948480,22,0,22:45:00,20260501,1777702291,76,60412,1777704828.0,
3948480,22,0,22:45:00,20260501,1777702291,77,60413,1777704901.0,
3948480,22,0,22:45:00,20260501,1777702291,78,60414,1777704936.0,
3948480,22,0,22:45:00,20260501,1777702291,79,60415,1777704988.0,
3948480,22,0,22:45:00,20260501,1777702291,80,60416,1777705020.0,
3948480,22,0,22:45:00,20260501,1777702291,81,60418,1777705049.0,
3948480,22,0,22:45:00,20260501,1777702291,82,60419,1777705084.0,
3948480,22,0,22:45:00,20260501,1777702291,83,60420,1777705131.0,
3948480,22,0,22:45:00,20260501,1777702291,84,60421,1777705167.0,
3948480,22,0,22:45:00,20260501,1777702291,85,60422,1777705250.0,
3948480,22,0,22:45:00,20260501,1777702291,86,60035,1777705318.0,1777705920.0
3948480,22,0,22:45:00,20260501,1777702291,87,60036,1777705950.0,
3948480,22,0,22:45:00,20260501,1777702291,88,60037,1777705995.0,
3948480,22,0,22:45:00,20260501,1777702291,89,60038,1777706007.0,
3948480,22,0,22:45:00,20260501,1777702291,90,60039,1777706041.0,
3948480,22,0,22:45:00,20260501,1777702291,91,60040,1777706080.0,1777706220.0
3948480,22,0,22:45:00,20260501,1777702291,92,60041,1777706244.0,
3948480,22,0,22:45:00,20260501,1777702291,93,60042,1777706274.0,
3948480,22,0,22:45:00,20260501,1777702291,94,60043,1777706295.0,
3948480,22,0,22:45:00,20260501,1777702291,95,60044,1777706316.0,
3948480,22,0,22:45:00,20260501,1777702291,96,60045,1777706342.0,
3948480,22,0,22:45:00,20260501,1777702291,97,60046,1777706359.0,
3948480,22,0,22:45:00,20260501,1777702291,98,60047,1777706386.0,
3948480,22,0,22:45:00,20260501,1777702291,99,60048,1777706408.0,
3948480,22,0,22:45:00,20260501,1777702291,100,60049,1777706426.0,
3948480,22,0,22:45:00,20260501,1777702291,101,60050,1777706440.0,
3948480,22,0,22:45:00,20260501,1777702291,102,65707,1777706463.0,
3948481,22,0,22:14:00,20260501,1777702291,55,60382,1777702284.0,
3948481,22,0,22:14:00,20260501,1777702291,56,60384,1777702354.0,
3948481,22,0,22:14:00,20260501,1777702291,57,62743,1777702374.0,
3948481,22,0,22:14:00,20260501,1777702291,58,60020,1777702406.0,
3948481,22,0,22:14:00,20260501,1777702291,59,60001,1777702584.0,1777702584.0
3948481,22,0,22:14:00,20260501,1777702291,60,60393,1777702669.0,
3948481,22,0,22:14:00,20260501,1777702291,61,60394,1777702685.0,
3948481,22,0,22:14:00,20260501,1777702291,62,60395,1777702730.0,
3948481,22,0,22:14:00,20260501,1777702291,63,60397,1777702795.0,
3948481,22,0,22:14:00,20260501,1777702291,64,60398,1777702829.0,
3948481,22,0,22:14:00,20260501,1777702291,65,60399,1777702848.0,
3948481,22,0,22:14:00,20260501,1777702291,66,60400,1777702874.0,1777702874.0
3948481,22,0,22:14:00,20260501,1777702291,67,60401,1777702900.0,
3948481,22,0,22:14:00,20260501,1777702291,68,60402,1777702916.0,
3948481,22,0,22:14:00,20260501,1777702291,69,60403,1777702933.0,
3948481,22,0,22:14:00,20260501,1777702291,70,60404,1777702966.0,
3948481,22,0,22:14:00,20260501,1777702291,71,60406,1777702997.0,
3948481,22,0,22:14:00,20260501,1777702291,72,60408,1777703022.0,
3948481,22,0,22:14:00,20260501,1777702291,73,60409,1777703073.0,
3948481,22,0,22:14:00,20260501,1777702291,74,60410,1777703133.0,
3948481,22,0,22:14:00,20260501,1777702291,75,60411,1777703151.0,
3948481,22,0,22:14:00,20260501,1777702291,76,60412,1777703236.0,1777703280.0
3948481,22,0,22:14:00,20260501,1777702291,77,60413,1777703411.0,
3948481,22,0,22:14:00,20260501,1777702291,78,60414,1777703447.0,
3948481,22,0,22:14:00,20260501,1777702291,79,60415,1777703501.0,
3948481,22,0,22:14:00,20260501,1777702291,80,60416,1777703542.0,
3948481,22,0,22:14:00,20260501,1777702291,81,60418,1777703569.0,
3948481,22,0,22:14:00,20260501,1777702291,82,60419,1777703614.0,
3948481,22,0,22:14:00,20260501,1777702291,83,60420,1777703652.0,
3948481,22,0,22:14:00,20260501,1777702291,84,60421,1777703692.0,
3948481,22,0,22:14:00,20260501,1777702291,85,60422,1777703775.0,
3948481,22,0,22:14:00,20260501,1777702291,86,60035,1777703844.0,1777703880.0
3948481,22,0,22:14:00,20260501,1777702291,87,60036,1777703880.0,
3948481,22,0,22:14:00,20260501,1777702291,88,60037,1777703907.0,
3948481,22,0,22:14:00,20260501,1777702291,89,60038,1777703923.0,
3948481,22,0,22:14:00,20260501,1777702291,90,60039,1777703957.0,
3948481,22,0,22:14:00,20260501,1777702291,91,60040,1777703996.0,1777704180.0
3948481,22,0,22:14:00,20260501,1777702291,92,60041,1777704180.0,
3948481,22,0,22:14:00,20260501,1777702291,93,60042,1777704210.0,
3948481,22,0,22:14:00,20260501,1777702291,94,60043,1777704234.0,
3948481,22,0,22:14:00,20260501,1777702291,95,60044,1777704256.0,
3948481,22,0,22:14:00,20260501,1777702291,96,60045,1777704285.0,
3948481,22,0,22:14:00,20260501,1777702291,97,60046,1777704302.0,
3948481,22,0,22:14:00,20260501,1777702291,98,60047,1777704337.0,
3948481,22,0,22:14:00,20260501,1777702291,99,60048,1777704360.0,
3948481,22,0,22:14:00,20260501,1777702291,100,60049,1777704380.0,
3948481,22,0,22:14:00,20260501,1777702291,101,60050,1777704394.0,
3948481,22,0,22:14:00,20260501,1777702291,102,65707,1777704416.0,
3948481,22,0,22:14:00,20260501,1777702291,103,65812,1777704516.0,
3948485,22,0,23:14:00,20260501,1777702291,1,60519,,1777702440.0
3948485,22,0,23:14:00,20260501,1777702291,2,60328,1777702735.0,1777702735.0
3948485,22,0,23:14:00,20260501,1777702291,3,60329,1777702882.0,
3948485,22,0,23:14:00,20260501,1777702291,4,60330,1777702925.0,
3948485,22,0,23:14:00,20260501,1777702291,5,60331,1777702963.0,
3948485,22,0,23:14:00,20260501,1777702291,6,60332,1777703020.0,
3948485,22,0,23:14:00,20260501,1777702291,7,60333,1777703053.0,
3948485,22,0,23:14:00,20260501,1777702291,8,60334,1777703082.0,
3948485,22,0,23:14:00,20260501,1777702291,9,60335,1777703126.0,1777703126.0
3948485,22,0,23:14:00,20260501,1777702291,10,60336,1777703166.0,
3948485,22,0,23:14:00,20260501,1777702291,11,60337,1777703194.0,
3948485,22,0,23:14:00,20260501,1777702291,12,60338,1777703220.0,
3948485,22,0,23:14:00,20260501,1777702291,13,60339,1777703238.0,
3948485,22,0,23:14:00,20260501,1777702291,14,60340,1777703291.0,
3948485,22,0,23:14:00,20260501,1777702291,15,60341,1777703323.0,
3948485,22,0,23:14:00,20260501,1777702291,16,60342,1777703342.0,
3948485,22,0,23:14:00,20260501,1777702291,17,60343,1777703426.0,
3948485,22,0,23:14:00,20260501,1777702291,18,60344,1777703452.0,
3948485,22,0,23:14:00,20260501,1777702291,19,60345,1777703477.0,
3948485,22,0,23:14:00,20260501,1777702291,20,60346,1777703538.0,
3948485,22,0,23:14:00,20260501,1777702291,21,60347,1777703567.0,1777703567.0
3948485,22,0,23:14:00,20260501,1777702291,22,60348,1777703617.0,
3948485,22,0,23:14:00,20260501,1777702291,23,60350,1777703648.0,
3948485,22,0,23:14:00,20260501,1777702291,24,60351,1777703717.0,
3948485,22,0,23:14:00,20260501,1777702291,25,60352,1777703771.0,
3948485,22,0,23:14:00,20260501,1777702291,26,60353,1777703799.0,
3948485,22,0,23:14:00,20260501,1777702291,27,60354,1777703864.0,
3948485,22,0,23:14:00,20260501,1777702291,28,60355,1777703896.0,1777703896.0
3948485,22,0,23:14:00,20260501,1777702291,29,60356,1777703916.0,
3948485,22,0,23:14:00,20260501,1777702291,30,60357,1777703947.0,
3948485,22,0,23:14:00,20260501,1777702291,31,60358,1777703967.0,
3948485,22,0,23:14:00,20260501,1777702291,32,60359,1777704040.0,
3948485,22,0,23:14:00,20260501,1777702291,33,60360,1777704101.0,
3948485,22,0,23:14:00,20260501,1777702291,34,60361,1777704138.0,
3948485,22,0,23:14:00,20260501,1777702291,35,60362,1777704200.0,
3948485,22,0,23:14:00,20260501,1777702291,36,60363,1777704241.0,
3948485,22,0,23:14:00,20260501,1777702291,37,60364,1777704278.0,
3948485,22,0,23:14:00,20260501,1777702291,38,60365,1777704327.0,
3948485,22,0,23:14:00,20260501,1777702291,39,60366,1777704377.0,
3948485,22,0,23:14:00,20260501,1777702291,40,60367,1777704412.0,
3948485,22,0,23:14:00,20260501,1777702291,41,60368,1777704476.0,
3948485,22,0,23:14:00,20260501,1777702291,42,60369,1777704564.0,
3948485,22,0,23:14:00,20260501,1777702291,43,60370,1777704603.0,1777704780.0
3948485,22,0,23:14:00,20260501,1777702291,44,60371,1777704780.0,
3948485,22,0,23:14:00,20260501,1777702291,45,60372,1777704799.0,
3948485,22,0,23:14:00,20260501,1777702291,46,60373,1777704848.0,
3948485,22,0,23:14:00,20260501,1777702291,47,60374,1777704920.0,
3948485,22,0,23:14:00,20260501,1777702291,48,60375,1777704975.0,
3948485,22,0,23:14:00,20260501,1777702291,49,60376,1777705005.0,
3948485,22,0,23:14:00,20260501,1777702291,50,60377,1777705019.0,
3948485,22,0,23:14:00,20260501,1777702291,51,60378,1777705050.0,1777705140.0
3948485,22,0,23:14:00,20260501,1777702291,52,60379,1777705140.0,
3948485,22,0,23:14:00,20260501,1777702291,53,60380,1777705205.0,
3948485,22,0,23:14:00,20260501,1777702291,54,60381,1777705220.0,
3948485,22,0,23:14:00,20260501,1777702291,55,60382,1777705242.0,
3948485,22,0,23:14:00,20260501,1777702291,56,60384,1777705290.0,
3948485,22,0,23:14:00,20260501,1777702291,57,62743,1777705308.0,
3948485,22,0,23:14:00,20260501,1777702291,58,60020,1777705339.0,
3948485,22,0,23:14:00,20260501,1777702291,59,60001,1777705465.0,1777705620.0
3948485,22,0,23:14:00,20260501,1777702291,60,60393,1777705651.0,
3948485,22,0,23:14:00,20260501,1777702291,61,60394,1777705667.0,
3948485,22,0,23:14:00,20260501,1777702291,62,60395,1777705702.0,
3948485,22,0,23:14:00,20260501,1777702291,63,60397,1777705733.0,
3948485,22,0,23:14:00,20260501,1777702291,64,60398,1777705770.0,
3948485,22,0,23:14:00,20260501,1777702291,65,60399,1777705789.0,
3948485,22,0,23:14:00,20260501,1777702291,66,60400,1777705814.0,
3948485,22,0,23:14:00,20260501,1777702291,67,60401,1777705849.0,
3948485,22,0,23:14:00,20260501,1777702291,68,60402,1777705865.0,
3948485,22,0,23:14:00,20260501,1777702291,69,60403,1777705883.0,
3948485,22,0,23:14:00,20260501,1777702291,70,60404,1777705920.0,
3948485,22,0,23:14:00,20260501,1777702291,71,60406,1777705954.0,
3948485,22,0,23:14:00,20260501,1777702291,72,60408,1777705981.0,
3948485,22,0,23:14:00,20260501,1777702291,73,60409,1777706018.0,
3948485,22,0,23:14:00,20260501,1777702291,74,60410,1777706058.0,
3948485,22,0,23:14:00,20260501,1777702291,75,60411,1777706072.0,
3948485,22,0,23:14:00,20260501,1777702291,76,60412,1777706132.0,1777706400.0
3948485,22,0,23:14:00,20260501,1777702291,77,60413,1777706453.0,
3948486,22,0,21:51:00,20260501,1777702291,76,60412,1777702310.0,1777702310.0
3948486,22,0,21:51:00,20260501,1777702291,77,60413,1777702438.0,
3948486,22,0,21:51:00,20260501,1777702291,78,60414,1777702468.0,
3948486,22,0,21:51:00,20260501,1777702291,79,60415,1777702523.0,
3948486,22,0,21:51:00,20260501,1777702291,80,60416,1777702562.0,
3948486,22,0,21:51:00,20260501,1777702291,81,60418,1777702588.0,
3948486,22,0,21:51:00,20260501,1777702291,82,60419,1777702621.0,
3948486,22,0,21:51:00,20260501,1777702291,83,60420,1777702665.0,
3948486,22,0,21:51:00,20260501,1777702291,84,60421,1777702695.0,
3948486,22,0,21:51:00,20260501,1777702291,85,60422,1777702790.0,
3948486,22,0,21:51:00,20260501,1777702291,86,60035,1777702848.0,
3948486,22,0,21:51:00,20260501,1777702291,87,60036,1777702890.0,
3948486,22,0,21:51:00,20260501,1777702291,88,60037,1777702935.0,
3948486,22,0,21:51:00,20260501,1777702291,89,60038,1777702950.0,
3948486,22,0,21:51:00,20260501,1777702291,90,60039,1777702985.0,
3948486,22,0,21:51:00,20260501,1777702291,91,60040,1777703039.0,
3948486,22,0,21:51:00,20260501,1777702291,92,60041,1777703074.0,
3948486,22,0,21:51:00,20260501,1777702291,93,60042,1777703107.0,
3948486,22,0,21:51:00,20260501,1777702291,94,60043,1777703128.0,
3948486,22,0,21:51:00,20260501,1777702291,95,60044,1777703150.0,
3948486,22,0,21:51:00,20260501,1777702291,96,60045,1777703187.0,
3948486,22,0,21:51:00,20260501,1777702291,97,60046,1777703204.0,
3948486,22,0,21:51:00,20260501,1777702291,98,60047,1777703238.0,
3948486,22,0,21:51:00,20260501,1777702291,99,60048,1777703268.0,
3948486,22,0,21:51:00,20260501,1777702291,100,60049,1777703307.0,
3948486,22,0,21:51:00,20260501,1777702291,101,60050,1777703321.0,
3948486,22,0,21:51:00,20260501,1777702291,102,65707,1777703341.0,
3948486,22,0,21:51:00,20260501,1777702291,103,65812,1777703440.0,
3948532,22,1,24:18:00,20260501,1777702291,1,65812,,1777706280.0
3948556,22,1,22:04:00,20260501,1777702291,61,60480,,1777702281.0
3948556,22,1,22:04:00,20260501,1777702291,62,60481,1777702312.0,
3948556,22,1,22:04:00,20260501,1777702291,63,60482,1777702396.0,
3948556,22,1,22:04:00,20260501,1777702291,64,60483,1777702434.0,
3948556,22,1,22:04:00,20260501,1777702291,65,60484,1777702461.0,1777702461.0
3948556,22,1,22:04:00,20260501,1777702291,66,60485,1777702538.0,
3948556,22,1,22:04:00,20260501,1777702291,67,60486,1777702564.0,
3948556,22,1,22:04:00,20260501,1777702291,68,60487,1777702659.0,
3948556,22,1,22:04:00,20260501,1777702291,69,60488,1777702694.0,
3948556,22,1,22:04:00,20260501,1777702291,70,60489,1777702749.0,
3948556,22,1,22:04:00,20260501,1777702291,71,60490,1777702800.0,
3948556,22,1,22:04:00,20260501,1777702291,72,60491,1777702948.0,
3948556,22,1,22:04:00,20260501,1777702291,73,60492,1777702990.0,
3948556,22,1,22:04:00,20260501,1777702291,74,60493,1777703045.0,
3948556,22,1,22:04:00,20260501,1777702291,75,60494,1777703076.0,1777703076.0
3948556,22,1,22:04:00,20260501,1777702291,76,60495,1777703119.0,
3948556,22,1,22:04:00,20260501,1777702291,77,60496,1777703147.0,
3948556,22,1,22:04:00,20260501,1777702291,78,60497,1777703188.0,
3948556,22,1,22:04:00,20260501,1777702291,79,60498,1777703264.0,
3948556,22,1,22:04:00,20260501,1777702291,80,60499,1777703309.0,
3948556,22,1,22:04:00,20260501,1777702291,81,60500,1777703356.0,1777703356.0
3948556,22,1,22:04:00,20260501,1777702291,82,60501,1777703387.0,
3948556,22,1,22:04:00,20260501,1777702291,83,60502,1777703412.0,
3948556,22,1,22:04:00,20260501,1777702291,84,60503,1777703494.0,
3948556,22,1,22:04:00,20260501,1777702291,85,60504,1777703552.0,
3948556,22,1,22:04:00,20260501,1777702291,86,60505,1777703565.0,
3948556,22,1,22:04:00,20260501,1777702291,87,60507,1777703609.0,
3948556,22,1,22:04:00,20260501,1777702291,88,60508,1777703640.0,
3948556,22,1,22:04:00,20260501,1777702291,89,60509,1777703655.0,
3948556,22,1,22:04:00,20260501,1777702291,90,60511,1777703745.0,
3948556,22,1,22:04:00,20260501,1777702291,91,60512,1777703780.0,
3948556,22,1,22:04:00,20260501,1777702291,92,60513,1777703824.0,
3948556,22,1,22:04:00,20260501,1777702291,93,60514,1777703854.0,
3948556,22,1,22:04:00,20260501,1777702291,94,60515,1777703909.0,
3948556,22,1,22:04:00,20260501,1777702291,95,60516,1777703924.0,
3948556,22,1,22:04:00,20260501,1777702291,96,60517,1777703968.0,
3948556,22,1,22:04:00,20260501,1777702291,97,60518,1777703984.0,
3948556,22,1,22:04:00,20260501,1777702291,98,60519,1777704043.0,
3948559,22,1,22:25:00,20260501,1777702291,5,60055,1777702321.0,
3948559,22,1,22:25:00,20260501,1777702291,6,60056,1777702356.0,
3948559,22,1,22:25:00,20260501,1777702291,7,60425,1777702374.0,
3948559,22,1,22:25:00,20260501,1777702291,8,60057,1777702394.0,
3948559,22,1,22:25:00,20260501,1777702291,9,60058,1777702421.0,
3948559,22,1,22:25:00,20260501,1777702291,10,60059,1777702452.0,
3948559,22,1,22:25:00,20260501,1777702291,11,60060,1777702481.0,
3948559,22,1,22:25:00,20260501,1777702291,12,65427,1777702503.0,1777702503.0
3948559,22,1,22:25:00,20260501,1777702291,13,60061,1777702540.0,
3948559,22,1,22:25:00,20260501,1777702291,14,60063,1777702604.0,
3948559,22,1,22:25:00,20260501,1777702291,15,60064,1777702626.0,
3948559,22,1,22:25:00,20260501,1777702291,16,60065,1777702657.0,
3948559,22,1,22:25:00,20260501,1777702291,17,60426,1777702735.0,1777702735.0
3948559,22,1,22:25:00,20260501,1777702291,18,60428,1777702778.0,
3948559,22,1,22:25:00,20260501,1777702291,19,60429,1777702880.0,
3948559,22,1,22:25:00,20260501,1777702291,20,60431,1777702938.0,
3948559,22,1,22:25:00,20260501,1777702291,21,60433,1777702974.0,
3948559,22,1,22:25:00,20260501,1777702291,22,60434,1777703000.0,
3948559,22,1,22:25:00,20260501,1777702291,23,60435,1777703026.0,
3948559,22,1,22:25:00,20260501,1777702291,24,60437,1777703081.0,
3948559,22,1,22:25:00,20260501,1777702291,25,60438,1777703120.0,
3948559,22,1,22:25:00,20260501,1777702291,26,60439,1777703162.0,
3948559,22,1,22:25:00,20260501,1777702291,27,65849,1777703282.0,1777703282.0
3948559,22,1,22:25:00,20260501,1777702291,28,60441,1777703354.0,
3948559,22,1,22:25:00,20260501,1777702291,29,60442,1777703404.0,
3948559,22,1,22:25:00,20260501,1777702291,30,60443,1777703429.0,
3948559,22,1,22:25:00,20260501,1777702291,31,60444,1777703456.0,
3948559,22,1,22:25:00,20260501,1777702291,32,60445,1777703479.0,
3948559,22,1,22:25:00,20260501,1777702291,33,60446,1777703519.0,
3948559,22,1,22:25:00,20260501,1777702291,34,60448,1777703550.0,
3948559,22,1,22:25:00,20260501,1777702291,35,60449,1777703575.0,
3948559,22,1,22:25:00,20260501,1777702291,36,60450,1777703621.0,
3948559,22,1,22:25:00,20260501,1777702291,37,60451,1777703637.0,
3948559,22,1,22:25:00,20260501,1777702291,38,60452,1777703666.0,1777703666.0
3948559,22,1,22:25:00,20260501,1777702291,39,60453,1777703689.0,
3948559,22,1,22:25:00,20260501,1777702291,40,60454,1777703709.0,
3948559,22,1,22:25:00,20260501,1777702291,41,60455,1777703740.0,
3948559,22,1,22:25:00,20260501,1777702291,42,60457,1777703769.0,
3948559,22,1,22:25:00,20260501,1777702291,43,60458,1777703807.0,
3948559,22,1,22:25:00,20260501,1777702291,44,60459,1777703830.0,
3948559,22,1,22:25:00,20260501,1777702291,45,60460,1777703862.0,1777703862.0
3948559,22,1,22:25:00,20260501,1777702291,46,62729,1777703928.0,
3948559,22,1,22:25:00,20260501,1777702291,47,60466,1777703954.0,
3948559,22,1,22:25:00,20260501,1777702291,48,60467,1777703980.0,
3948559,22,1,22:25:00,20260501,1777702291,49,60468,1777704009.0,
3948559,22,1,22:25:00,20260501,1777702291,50,60469,1777704039.0,
3948559,22,1,22:25:00,20260501,1777702291,51,60470,1777704082.0,
3948559,22,1,22:25:00,20260501,1777702291,52,60471,1777704107.0,
3948559,22,1,22:25:00,20260501,1777702291,53,60472,1777704121.0,1777704121.0
3948559,22,1,22:25:00,20260501,1777702291,54,60473,1777704152.0,
3948559,22,1,22:25:00,20260501,1777702291,55,60474,1777704177.0,
3948559,22,1,22:25:00,20260501,1777702291,56,60475,1777704209.0,
3948559,22,1,22:25:00,20260501,1777702291,57,60476,1777704254.0,
3948559,22,1,22:25:00,20260501,1777702291,58,60477,1777704329.0,
3948559,22,1,22:25:00,20260501,1777702291,59,60478,1777704373.0,
3948559,22,1,22:25:00,20260501,1777702291,60,60479,1777704412.0,
3948559,22,1,22:25:00,20260501,1777702291,61,60480,1777704462.0,1777704462.0
3948559,22,1,22:25:00,20260501,1777702291,62,60481,1777704505.0,
3948559,22,1,22:25:00,20260501,1777702291,63,60482,1777704595.0,
3948559,22,1,22:25:00,20260501,1777702291,64,60483,1777704633.0,
3948559,22,1,22:25:00,20260501,1777702291,65,60484,1777704657.0,1777704657.0
3948559,22,1,22:25:00,20260501,1777702291,66,60485,1777704712.0,
3948559,22,1,22:25:00,20260501,1777702291,67,60486,1777704735.0,
3948559,22,1,22:25:00,20260501,1777702291,68,60487,1777704799.0,
3948559,22,1,22:25:00,20260501,1777702291,69,60488,1777704826.0,
3948559,22,1,22:25:00,20260501,1777702291,70,60489,1777704861.0,
3948559,22,1,22:25:00,20260501,1777702291,71,60490,1777704907.0,
3948559,22,1,22:25:00,20260501,1777702291,72,60491,1777705069.0,
3948559,22,1,22:25:00,20260501,1777702291,73,60492,1777705100.0,
3948559,22,1,22:25:00,20260501,1777702291,74,60493,1777705141.0,
3948559,22,1,22:25:00,20260501,1777702291,75,60494,1777705164.0,1777705164.0
3948559,22,1,22:25:00,20260501,1777702291,76,60495,1777705205.0,
3948559,22,1,22:25:00,20260501,1777702291,77,60496,1777705233.0,
3948559,22,1,22:25:00,20260501,1777702291,78,60497,1777705264.0,
3948559,22,1,22:25:00,20260501,1777702291,79,60498,1777705321.0,
3948559,22,1,22:25:00,20260501,1777702291,80,60499,1777705355.0,
3948559,22,1,22:25:00,20260501,1777702291,81,60500,1777705380.0,1777705380.0
3948559,22,1,22:25:00,20260501,1777702291,82,60501,1777705411.0,
3948559,22,1,22:25:00,20260501,1777702291,83,60502,1777705438.0,
3948559,22,1,22:25:00,20260501,1777702291,84,60503,1777705510.0,
3948559,22,1,22:25:00,20260501,1777702291,85,60504,1777705554.0,
3948559,22,1,22:25:00,20260501,1777702291,86,60505,1777705566.0,
3948559,22,1,22:25:00,20260501,1777702291,87,60507,1777705603.0,
3948559,22,1,22:25:00,20260501,1777702291,88,60508,1777705627.0,
3948559,22,1,22:25:00,20260501,1777702291,89,60509,1777705641.0,
3948559,22,1,22:25:00,20260501,1777702291,90,60511,1777705725.0,
3948559,22,1,22:25:00,20260501,1777702291,91,60512,1777705755.0,1777705755.0
3948559,22,1,22:25:00,20260501,1777702291,92,60513,1777705784.0,
3948559,22,1,22:25:00,20260501,1777702291,93,60514,1777705804.0,
3948559,22,1,22:25:00,20260501,1777702291,94,60515,1777705840.0,
3948559,22,1,22:25:00,20260501,1777702291,95,60516,1777705854.0,
3948559,22,1,22:25:00,20260501,1777702291,96,60517,1777705906.0,
3948559,22,1,22:25:00,20260501,1777702291,97,60518,1777705923.0,
3948559,22,1,22:25:00,20260501,1777702291,98,60519,1777705996.0,
3948562,22,1,23:31:00,20260501,1777702291,1,65812,,1777703460.0
3948562,22,1,23:31:00,20260501,1777702291,2,65810,1777703537.0,1777703580.0
3948562,22,1,23:31:00,20260501,1777702291,3,60053,1777703673.0,
3948562,22,1,23:31:00,20260501,1777702291,4,60054,1777703690.0,
3948562,22,1,23:31:00,20260501,1777702291,5,60055,1777703801.0,
3948562,22,1,23:31:00,20260501,1777702291,6,60056,1777703846.0,
3948562,22,1,23:31:00,20260501,1777702291,7,60425,1777703863.0,
3948562,22,1,23:31:00,20260501,1777702291,8,60057,1777703884.0,
3948562,22,1,23:31:00,20260501,1777702291,9,60058,1777703911.0,
3948562,22,1,23:31:00,20260501,1777702291,10,60059,1777703943.0,
3948562,22,1,23:31:00,20260501,1777702291,11,60060,1777703977.0,
3948562,22,1,23:31:00,20260501,1777702291,12,65427,1777704001.0,
3948562,22,1,23:31:00,20260501,1777702291,13,60061,1777704034.0,
3948562,22,1,23:31:00,20260501,1777702291,14,60063,1777704080.0,
3948562,22,1,23:31:00,20260501,1777702291,15,60064,1777704102.0,
3948562,22,1,23:31:00,20260501,1777702291,16,60065,1777704135.0,
3948562,22,1,23:31:00,20260501,1777702291,17,60426,1777704210.0,1777704360.0
3948562,22,1,23:31:00,20260501,1777702291,18,60428,1777704395.0,
3948562,22,1,23:31:00,20260501,1777702291,19,60429,1777704455.0,
3948562,22,1,23:31:00,20260501,1777702291,20,60431,1777704497.0,
3948562,22,1,23:31:00,20260501,1777702291,21,60433,1777704540.0,
3948562,22,1,23:31:00,20260501,1777702291,22,60434,1777704565.0,
3948562,22,1,23:31:00,20260501,1777702291,23,60435,1777704590.0,
3948562,22,1,23:31:00,20260501,1777702291,24,60437,1777704620.0,
3948562,22,1,23:31:00,20260501,1777702291,25,60438,1777704683.0,
3948562,22,1,23:31:00,20260501,1777702291,26,60439,1777704708.0,
3948562,22,1,23:31:00,20260501,1777702291,27,65849,1777704804.0,
3948562,22,1,23:31:00,20260501,1777702291,28,60441,1777704861.0,
3948562,22,1,23:31:00,20260501,1777702291,29,60442,1777704904.0,
3948562,22,1,23:31:00,20260501,1777702291,30,60443,1777704928.0,
3948562,22,1,23:31:00,20260501,1777702291,31,60444,1777704956.0,
3948562,22,1,23:31:00,20260501,1777702291,32,60445,1777704981.0,
3948562,22,1,23:31:00,20260501,1777702291,33,60446,1777705044.0,
3948562,22,1,23:31:00,20260501,1777702291,34,60448,1777705080.0,
3948562,22,1,23:31:00,20260501,1777702291,35,60449,1777705110.0,
3948562,22,1,23:31:00,20260501,1777702291,36,60450,1777705138.0,
3948562,22,1,23:31:00,20260501,1777702291,37,60451,1777705156.0,
3948562,22,1,23:31:00,20260501,1777702291,38,60452,1777705189.0,1777705800.0
3948562,22,1,23:31:00,20260501,1777702291,39,60453,1777705829.0,
3948562,22,1,23:31:00,20260501,1777702291,40,60454,1777705855.0,
3948562,22,1,23:31:00,20260501,1777702291,41,60455,1777705905.0,
3948562,22,1,23:31:00,20260501,1777702291,42,60457,1777705937.0,
3948562,22,1,23:31:00,20260501,1777702291,43,60458,1777705970.0,
3948562,22,1,23:31:00,20260501,1777702291,44,60459,1777705997.0,
3948562,22,1,23:31:00,20260501,1777702291,45,60460,1777706031.0,1777706100.0
3948562,22,1,23:31:00,20260501,1777702291,46,62729,1777706173.0,
3948562,22,1,23:31:00,20260501,1777702291,47,60466,1777706225.0,
3948562,22,1,23:31:00,20260501,1777702291,48,60467,1777706253.0,
3948562,22,1,23:31:00,20260501,1777702291,49,60468,1777706285.0,
3948562,22,1,23:31:00,20260501,1777702291,50,60469,1777706340.0,
3948562,22,1,23:31:00,20260501,1777702291,51,60470,1777706398.0,
3948562,22,1,23:31:00,20260501,1777702291,52,60471,1777706425.0,
3948563,22,1,22:58:00,20260501,1777702291,12,65427,,1777702280.0
3948563,22,1,22:58:00,20260501,1777702291,13,60061,1777702301.0,
3948563,22,1,22:58:00,20260501,1777702291,14,60063,1777702351.0,
3948563,22,1,22:58:00,20260501,1777702291,15,60064,1777702372.0,
3948563,22,1,22:58:00,20260501,1777702291,16,60065,1777702405.0,
3948563,22,1,22:58:00,20260501,1777702291,17,60426,1777702488.0,1777702488.0
3948563,22,1,22:58:00,20260501,1777702291,18,60428,1777702539.0,
3948563,22,1,22:58:00,20260501,1777702291,19,60429,1777702629.0,
3948563,22,1,22:58:00,20260501,1777702291,20,60431,1777702671.0,
3948563,22,1,22:58:00,20260501,1777702291,21,60433,1777702722.0,
3948563,22,1,22:58:00,20260501,1777702291,22,60434,1777702747.0,
3948563,22,1,22:58:00,20260501,1777702291,23,60435,1777702773.0,
3948563,22,1,22:58:00,20260501,1777702291,24,60437,1777702808.0,
3948563,22,1,22:58:00,20260501,1777702291,25,60438,1777702870.0,
3948563,22,1,22:58:00,20260501,1777702291,26,60439,1777702914.0,
3948563,22,1,22:58:00,20260501,1777702291,27,65849,1777703030.0,1777703030.0
3948563,22,1,22:58:00,20260501,1777702291,28,60441,1777703095.0,
3948563,22,1,22:58:00,20260501,1777702291,29,60442,1777703144.0,
3948563,22,1,22:58:00,20260501,1777702291,30,60443,1777703181.0,
3948563,22,1,22:58:00,20260501,1777702291,31,60444,1777703225.0,
3948563,22,1,22:58:00,20260501,1777702291,32,60445,1777703249.0,
3948563,22,1,22:58:00,20260501,1777702291,33,60446,1777703295.0,
3948563,22,1,22:58:00,20260501,1777702291,34,60448,1777703333.0,
3948563,22,1,22:58:00,20260501,1777702291,35,60449,1777703375.0,
3948563,22,1,22:58:00,20260501,1777702291,36,60450,1777703410.0,
3948563,22,1,22:58:00,20260501,1777702291,37,60451,1777703430.0,
3948563,22,1,22:58:00,20260501,1777702291,38,60452,1777703462.0,1777703520.0
3948563,22,1,22:58:00,20260501,1777702291,39,60453,1777703542.0,
3948563,22,1,22:58:00,20260501,1777702291,40,60454,1777703565.0,
3948563,22,1,22:58:00,20260501,1777702291,41,60455,1777703616.0,
3948563,22,1,22:58:00,20260501,1777702291,42,60457,1777703646.0,
3948563,22,1,22:58:00,20260501,1777702291,43,60458,1777703704.0,
3948563,22,1,22:58:00,20260501,1777702291,44,60459,1777703731.0,
3948563,22,1,22:58:00,20260501,1777702291,45,60460,1777703766.0,1777703820.0
3948563,22,1,22:58:00,20260501,1777702291,46,62729,1777703911.0,
3948563,22,1,22:58:00,20260501,1777702291,47,60466,1777703941.0,
3948563,22,1,22:58:00,20260501,1777702291,48,60467,1777703970.0,
3948563,22,1,22:58:00,20260501,1777702291,49,60468,1777704003.0,
3948563,22,1,22:58:00,20260501,1777702291,50,60469,1777704054.0,
3948563,22,1,22:58:00,20260501,1777702291,51,60470,1777704096.0,
3948563,22,1,22:58:00,20260501,1777702291,52,60471,1777704124.0,
3948563,22,1,22:58:00,20260501,1777702291,53,60472,1777704139.0,1777704300.0
3948563,22,1,22:58:00,20260501,1777702291,54,60473,1777704324.0,
3948563,22,1,22:58:00,20260501,1777702291,55,60474,1777704354.0,
3948563,22,1,22:58:00,20260501,1777702291,56,60475,1777704374.0,
3948563,22,1,22:58:00,20260501,1777702291,57,60476,1777704423.0,
3948563,22,1,22:58:00,20260501,1777702291,58,60477,1777704506.0,
3948563,22,1,22:58:00,20260501,1777702291,59,60478,1777704564.0,
3948563,22,1,22:58:00,20260501,1777702291,60,60479,1777704603.0,
3948563,22,1,22:58:00,20260501,1777702291,61,60480,1777704653.0,1777704780.0
3948563,22,1,22:58:00,20260501,1777702291,62,60481,1777704818.0,
3948563,22,1,22:58:00,20260501,1777702291,63,60482,1777704912.0,
3948563,22,1,22:58:00,20260501,1777702291,64,60483,1777704954.0,
3948563,22,1,22:58:00,20260501,1777702291,65,60484,1777704981.0,1777705020.0
3948563,22,1,22:58:00,20260501,1777702291,66,60485,1777705067.0,
3948563,22,1,22:58:00,20260501,1777702291,67,60486,1777705095.0,
3948563,22,1,22:58:00,20260501,1777702291,68,60487,1777705164.0,
3948563,22,1,22:58:00,20260501,1777702291,69,60488,1777705194.0,
3948563,22,1,22:58:00,20260501,1777702291,70,60489,1777705224.0,
3948563,22,1,22:58:00,20260501,1777702291,71,60490,1777705277.0,
3948563,22,1,22:58:00,20260501,1777702291,72,60491,1777705399.0,
3948563,22,1,22:58:00,20260501,1777702291,73,60492,1777705426.0,
3948563,22,1,22:58:00,20260501,1777702291,74,60493,1777705483.0,
3948563,22,1,22:58:00,20260501,1777702291,75,60494,1777705507.0,1777705620.0
3948563,22,1,22:58:00,20260501,1777702291,76,60495,1777705663.0,
3948563,22,1,22:58:00,20260501,1777702291,77,60496,1777705691.0,
3948563,22,1,22:58:00,20260501,1777702291,78,60497,1777705723.0,
3948563,22,1,22:58:00,20260501,1777702291,79,60498,1777705788.0,
3948563,22,1,22:58:00,20260501,1777702291,80,60499,1777705842.0,
3948563,22,1,22:58:00,20260501,1777702291,81,60500,1777705870.0,1777705920.0
3948563,22,1,22:58:00,20260501,1777702291,82,60501,1777705948.0,
3948563,22,1,22:58:00,20260501,1777702291,83,60502,1777705976.0,
3948563,22,1,22:58:00,20260501,1777702291,84,60503,1777706041.0,
3948563,22,1,22:58:00,20260501,1777702291,85,60504,1777706093.0,
3948563,22,1,22:58:00,20260501,1777702291,86,60505,1777706105.0,
3948563,22,1,22:58:00,20260501,1777702291,87,60507,1777706141.0,
3948563,22,1,22:58:00,20260501,1777702291,88,60508,1777706171.0,
3948563,22,1,22:58:00,20260501,1777702291,89,60509,1777706202.0,
3948563,22,1,22:58:00,20260501,1777702291,90,60511,1777706279.0,
3948563,22,1,22:58:00,20260501,1777702291,91,60512,1777706311.0,1777706400.0
3948563,22,1,22:58:00,20260501,1777702291,92,60513,1777706400.0,
3948563,22,1,22:58:00,20260501,1777702291,93,60514,1777706423.0,
3948563,22,1,22:58:00,20260501,1777702291,94,60515,1777706461.0,
3948563,22,1,22:58:00,20260501,1777702291,95,60516,1777706473.0,
3948568,22,1,21:44:00,20260501,1777702291,92,60513,1777702303.0,
3948568,22,1,21:44:00,20260501,1777702291,93,60514,1777702341.0,
3948568,22,1,21:44:00,20260501,1777702291,94,60515,1777702375.0,
3948568,22,1,21:44:00,20260501,1777702291,95,60516,1777702387.0,
3948568,22,1,21:44:00,20260501,1777702291,96,60517,1777702435.0,
3948568,22,1,21:44:00,20260501,1777702291,97,60518,1777702452.0,
3948568,22,1,21:44:00,20260501,1777702291,98,60519,1777702515.0,
3949441,23,0,22:44:00,20260501,1777702291,31,60602,1777702297.0,
3949441,23,0,22:44:00,20260501,1777702291,32,60603,1777702349.0,1777702349.0
3949441,23,0,22:44:00,20260501,1777702291,33,60604,1777702358.0,
3949441,23,0,22:44:00,20260501,1777702291,34,60605,1777702385.0,
3949441,23,0,22:44:00,20260501,1777702291,35,60606,1777702479.0,
3949441,23,0,22:44:00,20260501,1777702291,36,60607,1777702538.0,
3949441,23,0,22:44:00,20260501,1777702291,37,65460,1777702602.0,1777702602.0
3949441,23,0,22:44:00,20260501,1777702291,38,60412,1777702783.0,1777702783.0
3949441,23,0,22:44:00,20260501,1777702291,39,60413,1777702906.0,
3949441,23,0,22:44:00,20260501,1777702291,40,60414,1777702940.0,
3949441,23,0,22:44:00,20260501,1777702291,41,60415,1777703001.0,
3949441,23,0,22:44:00,20260501,1777702291,42,60416,1777703024.0,
3949441,23,0,22:44:00,20260501,1777702291,43,60418,1777703055.0,
3949441,23,0,22:44:00,20260501,1777702291,44,60419,1777703093.0,
3949441,23,0,22:44:00,20260501,1777702291,45,60420,1777703147.0,
3949441,23,0,22:44:00,20260501,1777702291,46,60421,1777703182.0,
3949441,23,0,22:44:00,20260501,1777702291,47,60422,1777703280.0,
3949441,23,0,22:44:00,20260501,1777702291,48,63026,1777703347.0,1777703347.0
3949441,23,0,22:44:00,20260501,1777702291,49,63027,1777703372.0,
3949441,23,0,22:44:00,20260501,1777702291,50,63028,1777703414.0,
3949441,23,0,22:44:00,20260501,1777702291,51,63029,1777703448.0,
3949441,23,0,22:44:00,20260501,1777702291,52,63030,1777703484.0,1777703484.0
3949441,23,0,22:44:00,20260501,1777702291,53,63031,1777703531.0,
3949441,23,0,22:44:00,20260501,1777702291,54,63864,1777703565.0,
3949441,23,0,22:44:00,20260501,1777702291,55,65320,1777703616.0,
3949474,23,0,23:50:00,20260501,1777702291,1,65637,,1777704600.0
3949474,23,0,23:50:00,20260501,1777702291,2,60565,1777704766.0,
3949474,23,0,23:50:00,20260501,1777702291,3,60566,1777704818.0,
3949474,23,0,23:50:00,20260501,1777702291,4,60567,1777704863.0,
3949474,23,0,23:50:00,20260501,1777702291,5,60568,1777704893.0,
3949474,23,0,23:50:00,20260501,1777702291,6,60569,1777704926.0,
3949474,23,0,23:50:00,20260501,1777702291,7,60570,1777704948.0,
3949474,23,0,23:50:00,20260501,1777702291,8,60571,1777704991.0,1777704991.0
3949474,23,0,23:50:00,20260501,1777702291,9,60572,1777705019.0,
3949474,23,0,23:50:00,20260501,1777702291,10,60573,1777705045.0,
3949474,23,0,23:50:00,20260501,1777702291,11,60574,1777705067.0,
3949474,23,0,23:50:00,20260501,1777702291,12,60575,1777705123.0,
3949474,23,0,23:50:00,20260501,1777702291,13,60576,1777705158.0,
3949474,23,0,23:50:00,20260501,1777702291,14,60578,1777705194.0,
3949474,23,0,23:50:00,20260501,1777702291,15,60579,1777705210.0,
3949474,23,0,23:50:00,20260501,1777702291,16,60580,1777705225.0,
3949474,23,0,23:50:00,20260501,1777702291,17,60582,1777705270.0,1777705270.0
3949474,23,0,23:50:00,20260501,1777702291,18,60583,1777705302.0,
3949474,23,0,23:50:00,20260501,1777702291,19,60585,1777705381.0,
3949474,23,0,23:50:00,20260501,1777702291,20,60586,1777705400.0,
3949474,23,0,23:50:00,20260501,1777702291,21,60587,1777705426.0,
3949474,23,0,23:50:00,20260501,1777702291,22,64650,1777705454.0,1777705500.0
3949474,23,0,23:50:00,20260501,1777702291,23,65740,1777705516.0,
3949474,23,0,23:50:00,20260501,1777702291,24,60593,1777705640.0,
3949474,23,0,23:50:00,20260501,1777702291,25,60594,1777705664.0,
3949474,23,0,23:50:00,20260501,1777702291,26,60596,1777705713.0,
3949474,23,0,23:50:00,20260501,1777702291,27,60597,1777705741.0,
3949474,23,0,23:50:00,20260501,1777702291,28,60598,1777705768.0,
3949474,23,0,23:50:00,20260501,1777702291,29,60600,1777705829.0,
3949474,23,0,23:50:00,20260501,1777702291,30,60601,1777705896.0,
3949474,23,0,23:50:00,20260501,1777702291,31,60602,1777705911.0,
3949474,23,0,23:50:00,20260501,1777702291,32,60603,1777705957.0,1777706160.0
3949474,23,0,23:50:00,20260501,1777702291,33,60604,1777706160.0,
3949474,23,0,23:50:00,20260501,1777702291,34,60605,1777706182.0,
3949474,23,0,23:50:00,20260501,1777702291,35,60606,1777706235.0,
3949474,23,0,23:50:00,20260501,1777702291,36,60607,1777706270.0,
3949474,23,0,23:50:00,20260501,1777702291,37,65460,1777706332.0,1777706400.0
3949481,23,0,22:21:00,20260501,1777702291,47,60422,1777702362.0,
3949481,23,0,22:21:00,20260501,1777702291,48,63026,1777702419.0,1777702419.0
3949481,23,0,22:21:00,20260501,1777702291,49,63027,1777702443.0,
3949481,23,0,22:21:00,20260501,1777702291,50,63028,1777702494.0,
3949481,23,0,22:21:00,20260501,1777702291,51,63029,1777702530.0,
3949481,23,0,22:21:00,20260501,1777702291,52,63030,1777702575.0,1777702575.0
3949481,23,0,22:21:00,20260501,1777702291,53,63031,1777702624.0,
3949481,23,0,22:21:00,20260501,1777702291,54,63864,1777702666.0,
3949481,23,0,22:21:00,20260501,1777702291,55,65320,1777702717.0,
3949495,23,1,22:41:00,20260501,1777702291,33,60634,1777702293.0,
3949495,23,1,22:41:00,20260501,1777702291,34,60635,1777702315.0,
3949495,23,1,22:41:00,20260501,1777702291,35,65741,1777702421.0,
3949495,23,1,22:41:00,20260501,1777702291,36,64696,1777702471.0,1777702471.0
3949495,23,1,22:41:00,20260501,1777702291,37,60642,1777702494.0,
3949495,23,1,22:41:00,20260501,1777702291,38,60643,1777702517.0,
3949495,23,1,22:41:00,20260501,1777702291,39,60644,1777702590.0,
3949495,23,1,22:41:00,20260501,1777702291,40,60645,1777702627.0,
3949495,23,1,22:41:00,20260501,1777702291,41,60646,1777702665.0,1777702680.0
3949495,23,1,22:41:00,20260501,1777702291,42,60648,1777702697.0,
3949495,23,1,22:41:00,20260501,1777702291,43,60649,1777702717.0,
3949495,23,1,22:41:00,20260501,1777702291,44,60651,1777702741.0,
3949495,23,1,22:41:00,20260501,1777702291,45,60653,1777702839.0,
3949495,23,1,22:41:00,20260501,1777702291,46,60654,1777702868.0,
3949495,23,1,22:41:00,20260501,1777702291,47,60655,1777702895.0,
3949495,23,1,22:41:00,20260501,1777702291,48,60656,1777702919.0,1777703040.0
3949495,23,1,22:41:00,20260501,1777702291,49,60657,1777703052.0,
3949495,23,1,22:41:00,20260501,1777702291,50,60658,1777703069.0,
3949495,23,1,22:41:00,20260501,1777702291,51,60659,1777703091.0,
3949495,23,1,22:41:00,20260501,1777702291,52,60660,1777703139.0,
3949495,23,1,22:41:00,20260501,1777702291,53,60661,1777703154.0,
3949495,23,1,22:41:00,20260501,1777702291,54,60662,1777703191.0,
3949495,23,1,22:41:00,20260501,1777702291,55,65637,1777703253.0,
3949547,23,1,23:48:00,20260501,1777702291,1,65320,,1777704480.0
3949547,23,1,23:48:00,20260501,1777702291,2,63065,1777704771.0,
3949547,23,1,23:48:00,20260501,1777702291,3,63066,1777704788.0,
3949547,23,1,23:48:00,20260501,1777702291,4,63067,1777704843.0,1777704843.0
3949547,23,1,23:48:00,20260501,1777702291,5,63069,1777704871.0,
3949547,23,1,23:48:00,20260501,1777702291,6,63070,1777704892.0,
3949547,23,1,23:48:00,20260501,1777702291,7,63071,1777704933.0,
3949547,23,1,23:48:00,20260501,1777702291,8,60426,1777705003.0,1777705003.0
3949547,23,1,23:48:00,20260501,1777702291,9,60428,1777705035.0,
3949547,23,1,23:48:00,20260501,1777702291,10,60429,1777705122.0,
3949547,23,1,23:48:00,20260501,1777702291,11,60431,1777705164.0,
3949547,23,1,23:48:00,20260501,1777702291,12,60433,1777705210.0,
3949547,23,1,23:48:00,20260501,1777702291,13,60434,1777705234.0,
3949547,23,1,23:48:00,20260501,1777702291,14,60435,1777705260.0,
3949547,23,1,23:48:00,20260501,1777702291,15,60437,1777705291.0,
3949547,23,1,23:48:00,20260501,1777702291,16,60438,1777705336.0,
3949547,23,1,23:48:00,20260501,1777702291,17,60439,1777705361.0,
3949547,23,1,23:48:00,20260501,1777702291,18,63264,1777705483.0,1777705483.0
3949547,23,1,23:48:00,20260501,1777702291,19,65462,1777705521.0,1777705521.0
3949547,23,1,23:48:00,20260501,1777702291,20,64655,1777705562.0,
3949547,23,1,23:48:00,20260501,1777702291,21,60618,1777705590.0,
3949547,23,1,23:48:00,20260501,1777702291,22,60619,1777705630.0,
3949547,23,1,23:48:00,20260501,1777702291,23,60620,1777705679.0,
3949547,23,1,23:48:00,20260501,1777702291,24,60621,1777705715.0,
3949547,23,1,23:48:00,20260501,1777702291,25,60623,1777705739.0,
3949547,23,1,23:48:00,20260501,1777702291,26,60624,1777705753.0,1777705800.0
3949547,23,1,23:48:00,20260501,1777702291,27,60625,1777705812.0,
3949547,23,1,23:48:00,20260501,1777702291,28,60626,1777705841.0,
3949547,23,1,23:48:00,20260501,1777702291,29,66001,1777705881.0,
3949547,23,1,23:48:00,20260501,1777702291,30,60629,1777705933.0,
3949547,23,1,23:48:00,20260501,1777702291,31,60631,1777705971.0,
3949547,23,1,23:48:00,20260501,1777702291,32,60632,1777705990.0,
3949547,23,1,23:48:00,20260501,1777702291,33,60634,1777706028.0,
3949547,23,1,23:48:00,20260501,1777702291,34,60635,1777706049.0,
3949547,23,1,23:48:00,20260501,1777702291,35,65741,1777706132.0,
3949547,23,1,23:48:00,20260501,1777702291,36,64696,1777706194.0,1777706340.0
3949547,23,1,23:48:00,20260501,1777702291,37,60642,1777706356.0,
3949547,23,1,23:48:00,20260501,1777702291,38,60643,1777706381.0,
3949547,23,1,23:48:00,20260501,1777702291,39,60644,1777706426.0,
3949547,23,1,23:48:00,20260501,1777702291,40,60645,1777706456.0,
3950425,25,0,22:28:00,20260501,1777702291,51,60757,1777702273.0,
3950425,25,0,22:28:00,20260501,1777702291,52,60758,1777702291.0,
3950425,25,0,22:28:00,20260501,1777702291,53,60759,1777702364.0,
3950425,25,0,22:28:00,20260501,1777702291,54,60760,1777702390.0,
3950425,25,0,22:28:00,20260501,1777702291,55,60761,1777702440.0,
3950425,25,0,22:28:00,20260501,1777702291,56,60762,1777702562.0,1777702680.0
3950425,25,0,22:28:00,20260501,1777702291,57,60764,1777702740.0,
3950425,25,0,22:28:00,20260501,1777702291,58,60765,1777702784.0,
3950425,25,0,22:28:00,20260501,1777702291,59,60766,1777702818.0,
3950425,25,0,22:28:00,20260501,1777702291,60,60767,1777702834.0,
3950425,25,0,22:28:00,20260501,1777702291,61,60768,1777702859.0,
3950425,25,0,22:28:00,20260501,1777702291,62,60769,1777702981.0,
3950425,25,0,22:28:00,20260501,1777702291,63,60770,1777703003.0,
3950425,25,0,22:28:00,20260501,1777702291,64,63600,1777703055.0,1777703220.0
3950425,25,0,22:28:00,20260501,1777702291,65,63601,1777703220.0,
3950425,25,0,22:28:00,20260501,1777702291,66,63602,1777703258.0,
3950425,25,0,22:28:00,20260501,1777702291,67,63603,1777703279.0,
3950425,25,0,22:28:00,20260501,1777702291,68,63062,1777703322.0,
3950425,25,0,22:28:00,20260501,1777702291,69,63063,1777703339.0,
3950425,25,0,22:28:00,20260501,1777702291,70,63864,1777703407.0,
3950425,25,0,22:28:00,20260501,1777702291,71,65047,1777703461.0,
3950426,25,0,23:47:00,20260501,1777702291,1,66033,,1777704420.0
3950426,25,0,23:47:00,20260501,1777702291,2,60730,1777704724.0,1777704724.0
3950426,25,0,23:47:00,20260501,1777702291,3,60731,1777704764.0,
3950426,25,0,23:47:00,20260501,1777702291,4,60732,1777704818.0,
3950426,25,0,23:47:00,20260501,1777702291,5,60733,1777704849.0,
3950426,25,0,23:47:00,20260501,1777702291,6,60734,1777704864.0,
3950426,25,0,23:47:00,20260501,1777702291,7,60735,1777704914.0,
3950426,25,0,23:47:00,20260501,1777702291,8,60736,1777704946.0,
3950426,25,0,23:47:00,20260501,1777702291,9,60737,1777704975.0,
3950426,25,0,23:47:00,20260501,1777702291,10,65695,1777705000.0,
3950426,25,0,23:47:00,20260501,1777702291,11,60739,1777705034.0,
3950426,25,0,23:47:00,20260501,1777702291,12,60740,1777705074.0,
3950426,25,0,23:47:00,20260501,1777702291,13,60742,1777705109.0,
3950426,25,0,23:47:00,20260501,1777702291,14,60744,1777705145.0,1777705145.0
3950426,25,0,23:47:00,20260501,1777702291,15,60745,1777705178.0,
3950426,25,0,23:47:00,20260501,1777702291,16,60746,1777705202.0,
3950426,25,0,23:47:00,20260501,1777702291,17,60747,1777705210.0,
3950426,25,0,23:47:00,20260501,1777702291,18,60749,1777705243.0,
3950426,25,0,23:47:00,20260501,1777702291,19,65906,1777705337.0,1777705440.0
3950426,25,0,23:47:00,20260501,1777702291,20,60751,1777705560.0,
3950426,25,0,23:47:00,20260501,1777702291,21,60752,1777705596.0,
3950426,25,0,23:47:00,20260501,1777702291,22,60753,1777705640.0,
3950426,25,0,23:47:00,20260501,1777702291,23,60754,1777705684.0,1777705740.0
3950426,25,0,23:47:00,20260501,1777702291,24,60755,1777705852.0,
3950426,25,0,23:47:00,20260501,1777702291,25,60756,1777705876.0,
3950426,25,0,23:47:00,20260501,1777702291,26,60757,1777705918.0,
3950426,25,0,23:47:00,20260501,1777702291,27,60758,1777705933.0,
3950426,25,0,23:47:00,20260501,1777702291,28,60759,1777705994.0,
3950426,25,0,23:47:00,20260501,1777702291,29,60760,1777706018.0,
3950426,25,0,23:47:00,20260501,1777702291,30,60761,1777706056.0,
3950426,25,0,23:47:00,20260501,1777702291,31,60762,1777706145.0,1777706280.0
3950426,25,0,23:47:00,20260501,1777702291,32,60764,1777706357.0,
3950426,25,0,23:47:00,20260501,1777702291,33,60765,1777706381.0,
3950426,25,0,23:47:00,20260501,1777702291,34,60766,1777706411.0,
3950426,25,0,23:47:00,20260501,1777702291,35,60767,1777706424.0,
3950426,25,0,23:47:00,20260501,1777702291,36,60768,1777706446.0,
3950502,25,1,22:53:00,20260501,1777702291,12,60786,1777702300.0,
3950502,25,1,22:53:00,20260501,1777702291,13,60787,1777702340.0,
3950502,25,1,22:53:00,20260501,1777702291,14,60789,1777702381.0,1777702381.0
3950502,25,1,22:53:00,20260501,1777702291,15,60790,1777702493.0,
3950502,25,1,22:53:00,20260501,1777702291,16,60791,1777702530.0,
3950502,25,1,22:53:00,20260501,1777702291,17,65824,1777702576.0,
3950502,25,1,22:53:00,20260501,1777702291,18,60792,1777702619.0,
3950502,25,1,22:53:00,20260501,1777702291,19,60793,1777702649.0,
3950502,25,1,22:53:00,20260501,1777702291,20,60794,1777702678.0,
3950502,25,1,22:53:00,20260501,1777702291,21,60795,1777702697.0,
3950502,25,1,22:53:00,20260501,1777702291,22,60796,1777702740.0,1777702740.0
3950502,25,1,22:53:00,20260501,1777702291,23,60797,1777702793.0,
3950502,25,1,22:53:00,20260501,1777702291,24,60798,1777702832.0,
3950502,25,1,22:53:00,20260501,1777702291,25,65906,1777702941.0,1777702941.0
3950502,25,1,22:53:00,20260501,1777702291,26,60799,1777703050.0,
3950502,25,1,22:53:00,20260501,1777702291,27,60801,1777703079.0,
3950502,25,1,22:53:00,20260501,1777702291,28,60802,1777703105.0,
3950502,25,1,22:53:00,20260501,1777702291,29,60803,1777703116.0,
3950502,25,1,22:53:00,20260501,1777702291,30,60804,1777703160.0,1777703220.0
3950502,25,1,22:53:00,20260501,1777702291,31,60805,1777703246.0,
3950502,25,1,22:53:00,20260501,1777702291,32,60806,1777703280.0,
3950502,25,1,22:53:00,20260501,1777702291,33,60808,1777703328.0,
3950502,25,1,22:53:00,20260501,1777702291,34,65696,1777703366.0,
3950502,25,1,22:53:00,20260501,1777702291,35,60811,1777703412.0,1777703520.0
3950502,25,1,22:53:00,20260501,1777702291,36,60812,1777703542.0,
3950502,25,1,22:53:00,20260501,1777702291,37,60813,1777703564.0,
3950502,25,1,22:53:00,20260501,1777702291,38,60814,1777703591.0,
3950502,25,1,22:53:00,20260501,1777702291,39,60815,1777703631.0,
3950502,25,1,22:53:00,20260501,1777702291,40,60816,1777703710.0,
3950502,25,1,22:53:00,20260501,1777702291,41,66033,1777703867.0,
3950503,25,1,23:59:00,20260501,1777702291,1,65047,,1777705140.0
3950503,25,1,23:59:00,20260501,1777702291,2,63038,1777705478.0,
3950503,25,1,23:59:00,20260501,1777702291,3,63040,1777705510.0,
3950503,25,1,23:59:00,20260501,1777702291,4,63681,1777705547.0,
3950503,25,1,23:59:00,20260501,1777702291,5,63682,1777705575.0,
3950503,25,1,23:59:00,20260501,1777702291,6,60780,1777705610.0,
3950503,25,1,23:59:00,20260501,1777702291,7,60781,1777705653.0,1777705653.0
3950503,25,1,23:59:00,20260501,1777702291,8,60782,1777705679.0,
3950503,25,1,23:59:00,20260501,1777702291,9,60783,1777705695.0,
3950503,25,1,23:59:00,20260501,1777702291,10,60784,1777705741.0,
3950503,25,1,23:59:00,20260501,1777702291,11,60785,1777705766.0,
3950503,25,1,23:59:00,20260501,1777702291,12,60786,1777705793.0,
3950503,25,1,23:59:00,20260501,1777702291,13,60787,1777705836.0,
3950503,25,1,23:59:00,20260501,1777702291,14,60789,1777705881.0,1777705881.0
3950503,25,1,23:59:00,20260501,1777702291,15,60790,1777705990.0,
3950503,25,1,23:59:00,20260501,1777702291,16,60791,1777706023.0,
3950503,25,1,23:59:00,20260501,1777702291,17,65824,1777706072.0,
3950503,25,1,23:59:00,20260501,1777702291,18,60792,1777706124.0,
3950503,25,1,23:59:00,20260501,1777702291,19,60793,1777706167.0,
3950503,25,1,23:59:00,20260501,1777702291,20,60794,1777706193.0,
3950503,25,1,23:59:00,20260501,1777702291,21,60795,1777706214.0,
3950503,25,1,23:59:00,20260501,1777702291,22,60796,1777706252.0,1777706340.0
3950503,25,1,23:59:00,20260501,1777702291,23,60797,1777706401.0,
3950503,25,1,23:59:00,20260501,1777702291,24,60798,1777706442.0,
3954487,Rapid 522,0,21:51:00,20260501,1777702291,23,60418,1777702303.0,
3954487,Rapid 522,0,21:51:00,20260501,1777702291,24,60420,1777702379.0,
3954487,Rapid 522,0,21:51:00,20260501,1777702291,25,65856,1777702635.0,
3954487,Rapid 522,0,21:51:00,20260501,1777702291,26,65858,1777702773.0,
3954487,Rapid 522,0,21:51:00,20260501,1777702291,27,65846,1777702916.0,
3954487,Rapid 522,0,21:51:00,20260501,1777702291,28,64579,1777703107.0,
3954487,Rapid 522,0,21:51:00,20260501,1777702291,29,61884,1777703218.0,
3954487,Rapid 522,0,21:51:00,20260501,1777702291,30,65812,1777703416.0,
3954497,Rapid 522,0,22:13:00,20260501,1777702291,19,60408,1777702284.0,
3954497,Rapid 522,0,22:13:00,20260501,1777702291,20,60410,1777702361.0,
3954497,Rapid 522,0,22:13:00,20260501,1777702291,21,65850,1777702743.0,
3954497,Rapid 522,0,22:13:00,20260501,1777702291,22,60413,1777702865.0,
3954497,Rapid 522,0,22:13:00,20260501,1777702291,23,60418,1777702989.0,
3954497,Rapid 522,0,22:13:00,20260501,1777702291,24,60420,1777703058.0,
3954497,Rapid 522,0,22:13:00,20260501,1777702291,25,65856,1777703262.0,
3954497,Rapid 522,0,22:13:00,20260501,1777702291,26,65858,1777703386.0,
3954497,Rapid 522,0,22:13:00,20260501,1777702291,27,65846,1777703550.0,
3954497,Rapid 522,0,22:13:00,20260501,1777702291,28,64579,1777703725.0,
3954497,Rapid 522,0,22:13:00,20260501,1777702291,29,61884,1777703835.0,
3954497,Rapid 522,0,22:13:00,20260501,1777702291,30,65812,1777704033.0,
3954558,Rapid 522,1,21:48:00,20260501,1777702291,27,60511,1777702124.0,
3954558,Rapid 522,1,21:48:00,20260501,1777702291,28,60512,1777702150.0,
3954558,Rapid 522,1,21:48:00,20260501,1777702291,29,60517,1777702313.0,
3954558,Rapid 522,1,21:48:00,20260501,1777702291,30,60519,1777702411.0,
3954564,Rapid 522,1,22:08:00,20260501,1777702291,22,60484,1777702328.0,
3954564,Rapid 522,1,22:08:00,20260501,1777702291,23,60489,1777702603.0,
3954564,Rapid 522,1,22:08:00,20260501,1777702291,24,60494,1777702909.0,
3954564,Rapid 522,1,22:08:00,20260501,1777702291,25,60500,1777703197.0,
3954564,Rapid 522,1,22:08:00,20260501,1777702291,26,60504,1777703427.0,
3954564,Rapid 522,1,22:08:00,20260501,1777702291,27,60511,1777703598.0,
3954564,Rapid 522,1,22:08:00,20260501,1777702291,28,60512,1777703633.0,
3954564,Rapid 522,1,22:08:00,20260501,1777702291,29,60517,1777703821.0,
3954564,Rapid 522,1,22:08:00,20260501,1777702291,30,60519,1777703897.0,
3955351,Rapid 523,0,22:32:00,20260501,1777702291,20,64650,1777702325.0,
3955351,Rapid 523,0,22:32:00,20260501,1777702291,21,65740,1777702400.0,
3955351,Rapid 523,0,22:32:00,20260501,1777702291,22,60594,1777702529.0,
3955351,Rapid 523,0,22:32:00,20260501,1777702291,23,60600,1777702652.0,
3955351,Rapid 523,0,22:32:00,20260501,1777702291,24,60603,1777702797.0,
3955351,Rapid 523,0,22:32:00,20260501,1777702291,25,60607,1777702963.0,
3955351,Rapid 523,0,22:32:00,20260501,1777702291,26,65459,1777703031.0,
3955351,Rapid 523,0,22:32:00,20260501,1777702291,27,65850,1777703233.0,
3955351,Rapid 523,0,22:32:00,20260501,1777702291,28,60413,1777703344.0,
3955351,Rapid 523,0,22:32:00,20260501,1777702291,29,62943,1777703401.0,
3955397,Rapid 523,1,22:48:00,20260501,1777702291,12,60646,1777702038.0,
3955397,Rapid 523,1,22:48:00,20260501,1777702291,13,60651,1777702126.0,
3955397,Rapid 523,1,22:48:00,20260501,1777702291,14,60653,1777702258.0,
3955397,Rapid 523,1,22:48:00,20260501,1777702291,15,60656,1777702339.0,
3955397,Rapid 523,1,22:48:00,20260501,1777702291,16,60660,1777702465.0,
3955397,Rapid 523,1,22:48:00,20260501,1777702291,17,62162,1777702559.0,
3957729,60,0,22:14:00,20260501,1777702291,50,65882,1777702307.0,
3957730,60,0,22:46:00,20260501,1777702291,29,64543,1777702361.0,
3957730,60,0,22:46:00,20260501,1777702291,30,64545,1777702437.0,1777702440.0
3957730,60,0,22:46:00,20260501,1777702291,31,60008,1777702731.0,1777702740.0
3957730,60,0,22:46:00,20260501,1777702291,32,66019,1777702829.0,1777702860.0
3957730,60,0,22:46:00,20260501,1777702291,33,65952,1777702992.0,
3957730,60,0,22:46:00,20260501,1777702291,34,65867,1777703045.0,1777703160.0
3957730,60,0,22:46:00,20260501,1777702291,35,65954,1777703226.0,
3957730,60,0,22:46:00,20260501,1777702291,36,62636,1777703266.0,
3957730,60,0,22:46:00,20260501,1777702291,37,62638,1777703290.0,
3957730,60,0,22:46:00,20260501,1777702291,38,62639,1777703329.0,
3957730,60,0,22:46:00,20260501,1777702291,39,62640,1777703397.0,
3957730,60,0,22:46:00,20260501,1777702291,40,62641,1777703465.0,1777703580.0
3957730,60,0,22:46:00,20260501,1777702291,41,62642,1777703600.0,
3957730,60,0,22:46:00,20260501,1777702291,42,65815,1777703660.0,
3957730,60,0,22:46:00,20260501,1777702291,43,63918,1777703692.0,
3957730,60,0,22:46:00,20260501,1777702291,44,63919,1777703717.0,
3957730,60,0,22:46:00,20260501,1777702291,45,63920,1777703736.0,
3957730,60,0,22:46:00,20260501,1777702291,46,63921,1777703762.0,
3957730,60,0,22:46:00,20260501,1777702291,47,63922,1777703790.0,
3957730,60,0,22:46:00,20260501,1777702291,48,63923,1777703812.0,
3957730,60,0,22:46:00,20260501,1777702291,49,63926,1777703834.0,
3957730,60,0,22:46:00,20260501,1777702291,50,65882,1777703934.0,
3957787,60,0,23:39:00,20260501,1777702291,1,65397,,1777703940.0
3957787,60,0,23:39:00,20260501,1777702291,2,62706,1777704007.0,
3957787,60,0,23:39:00,20260501,1777702291,3,62707,1777704041.0,
3957787,60,0,23:39:00,20260501,1777702291,4,62708,1777704068.0,1777704120.0
3957787,60,0,23:39:00,20260501,1777702291,5,62709,1777704138.0,
3957787,60,0,23:39:00,20260501,1777702291,6,62710,1777704154.0,
3957787,60,0,23:39:00,20260501,1777702291,7,62711,1777704202.0,
3957787,60,0,23:39:00,20260501,1777702291,8,62712,1777704221.0,
3957787,60,0,23:39:00,20260501,1777702291,9,62713,1777704249.0,
3957787,60,0,23:39:00,20260501,1777702291,10,62714,1777704297.0,
3957787,60,0,23:39:00,20260501,1777702291,11,62095,1777704324.0,1777704480.0
3957787,60,0,23:39:00,20260501,1777702291,12,60722,1777704490.0,
3957787,60,0,23:39:00,20260501,1777702291,13,62716,1777704509.0,
3957787,60,0,23:39:00,20260501,1777702291,14,62717,1777704539.0,
3957787,60,0,23:39:00,20260501,1777702291,15,62718,1777704562.0,
3957787,60,0,23:39:00,20260501,1777702291,16,65907,1777704617.0,1777704720.0
3957787,60,0,23:39:00,20260501,1777702291,17,64927,1777704721.0,
3957787,60,0,23:39:00,20260501,1777702291,18,62720,1777704773.0,
3957787,60,0,23:39:00,20260501,1777702291,19,62721,1777704787.0,
3957787,60,0,23:39:00,20260501,1777702291,20,62722,1777704809.0,
3957787,60,0,23:39:00,20260501,1777702291,21,62723,1777704837.0,
3957787,60,0,23:39:00,20260501,1777702291,22,62725,1777704905.0,
3957787,60,0,23:39:00,20260501,1777702291,23,62726,1777704962.0,
3957787,60,0,23:39:00,20260501,1777702291,24,60464,1777705020.0,1777705080.0
3957787,60,0,23:39:00,20260501,1777702291,25,61472,1777705080.0,
3957787,60,0,23:39:00,20260501,1777702291,26,61473,1777705120.0,
3957787,60,0,23:39:00,20260501,1777702291,27,60391,1777705160.0,
3957787,60,0,23:39:00,20260501,1777702291,28,65228,1777705232.0,1777705380.0
3957787,60,0,23:39:00,20260501,1777702291,29,64543,1777705481.0,
3957787,60,0,23:39:00,20260501,1777702291,30,64545,1777705545.0,1777705560.0
3957787,60,0,23:39:00,20260501,1777702291,31,60008,1777705824.0,1777705860.0
3957787,60,0,23:39:00,20260501,1777702291,32,66019,1777705937.0,1777705980.0
3957787,60,0,23:39:00,20260501,1777702291,33,65952,1777706119.0,
3957787,60,0,23:39:00,20260501,1777702291,34,65867,1777706167.0,
3957799,60,1,22:34:00,20260501,1777702291,25,65788,1777702290.0,
3957799,60,1,22:34:00,20260501,1777702291,26,61475,1777702306.0,
3957799,60,1,22:34:00,20260501,1777702291,27,60387,1777702344.0,1777702344.0
3957799,60,1,22:34:00,20260501,1777702291,28,62746,1777702390.0,
3957799,60,1,22:34:00,20260501,1777702291,29,62747,1777702425.0,
3957799,60,1,22:34:00,20260501,1777702291,30,62748,1777702472.0,
3957799,60,1,22:34:00,20260501,1777702291,31,62749,1777702510.0,
3957799,60,1,22:34:00,20260501,1777702291,32,62750,1777702536.0,
3957799,60,1,22:34:00,20260501,1777702291,33,62751,1777702553.0,
3957799,60,1,22:34:00,20260501,1777702291,34,61618,1777702586.0,
3957799,60,1,22:34:00,20260501,1777702291,35,64926,1777702613.0,
3957799,60,1,22:34:00,20260501,1777702291,36,62753,1777702664.0,1777702740.0
3957799,60,1,22:34:00,20260501,1777702291,37,62754,1777702761.0,
3957799,60,1,22:34:00,20260501,1777702291,38,60822,1777702805.0,
3957799,60,1,22:34:00,20260501,1777702291,39,60823,1777702823.0,
3957799,60,1,22:34:00,20260501,1777702291,40,62755,1777702866.0,1777702920.0
3957799,60,1,22:34:00,20260501,1777702291,41,62756,1777702920.0,
3957799,60,1,22:34:00,20260501,1777702291,42,62757,1777702951.0,
3957799,60,1,22:34:00,20260501,1777702291,43,62758,1777703005.0,
3957799,60,1,22:34:00,20260501,1777702291,44,62760,1777703076.0,
3957799,60,1,22:34:00,20260501,1777702291,45,62761,1777703100.0,
3957799,60,1,22:34:00,20260501,1777702291,46,62762,1777703117.0,1777703160.0
3957799,60,1,22:34:00,20260501,1777702291,47,62764,1777703160.0,
3957799,60,1,22:34:00,20260501,1777702291,48,62765,1777703173.0,
3957799,60,1,22:34:00,20260501,1777702291,49,65397,1777703226.0,
3957801,60,1,23:39:00,20260501,1777702291,1,65882,,1777703940.0
3957801,60,1,23:39:00,20260501,1777702291,2,64585,1777704151.0,
3957801,60,1,23:39:00,20260501,1777702291,3,63942,1777704245.0,
3957801,60,1,23:39:00,20260501,1777702291,4,63943,1777704281.0,
3957801,60,1,23:39:00,20260501,1777702291,5,63944,1777704294.0,
3957801,60,1,23:39:00,20260501,1777702291,6,63945,1777704330.0,
3957801,60,1,23:39:00,20260501,1777702291,7,63946,1777704342.0,
3957801,60,1,23:39:00,20260501,1777702291,8,63947,1777704368.0,
3957801,60,1,23:39:00,20260501,1777702291,9,62672,1777704410.0,
3957801,60,1,23:39:00,20260501,1777702291,10,62673,1777704443.0,
3957801,60,1,23:39:00,20260501,1777702291,11,62674,1777704487.0,1777704487.0
3957801,60,1,23:39:00,20260501,1777702291,12,62675,1777704520.0,
3957801,60,1,23:39:00,20260501,1777702291,13,62676,1777704589.0,
3957801,60,1,23:39:00,20260501,1777702291,14,65953,1777704689.0,
3957801,60,1,23:39:00,20260501,1777702291,15,60014,1777704723.0,1777704840.0
3957801,60,1,23:39:00,20260501,1777702291,16,64656,1777704906.0,
3957801,60,1,23:39:00,20260501,1777702291,17,60008,1777705071.0,1777705080.0
3957801,60,1,23:39:00,20260501,1777702291,18,60011,1777705169.0,1777705200.0
3957801,60,1,23:39:00,20260501,1777702291,19,64522,1777705386.0,
3957801,60,1,23:39:00,20260501,1777702291,20,64523,1777705419.0,1777705440.0
3957801,60,1,23:39:00,20260501,1777702291,21,64524,1777705475.0,
3957801,60,1,23:39:00,20260501,1777702291,22,60020,1777705592.0,
3957801,60,1,23:39:00,20260501,1777702291,23,65843,1777705703.0,1777705800.0
3957801,60,1,23:39:00,20260501,1777702291,24,60461,1777705869.0,
3957801,60,1,23:39:00,20260501,1777702291,25,65788,1777705926.0,
3957801,60,1,23:39:00,20260501,1777702291,26,61475,1777705942.0,
3957801,60,1,23:39:00,20260501,1777702291,27,60387,1777705979.0,1777706040.0
3957801,60,1,23:39:00,20260501,1777702291,28,62746,1777706048.0,
3957801,60,1,23:39:00,20260501,1777702291,29,62747,1777706082.0,
3957801,60,1,23:39:00,20260501,1777702291,30,62748,1777706127.0,
3957801,60,1,23:39:00,20260501,1777702291,31,62749,1777706166.0,
3957801,60,1,23:39:00,20260501,1777702291,32,62750,1777706188.0,
3957801,60,1,23:39:00,20260501,1777702291,33,62751,1777706205.0,
3957801,60,1,23:39:00,20260501,1777702291,34,61618,1777706235.0,
3957801,60,1,23:39:00,20260501,1777702291,35,64926,1777706264.0,
3957801,60,1,23:39:00,20260501,1777702291,36,62753,1777706308.0,1777706460.0
3957801,60,1,23:39:00,20260501,1777702291,37,62754,1777706460.0,
3948449,22,0,23:39:00,20260501,1777702323,1,60519,,1777703940.0
3948449,22,0,23:39:00,20260501,1777702323,2,60328,1777704061.0,1777704061.0
3948449,22,0,23:39:00,20260501,1777702323,3,60329,1777704219.0,
3948449,22,0,23:39:00,20260501,1777702323,4,60330,1777704246.0,
3948449,22,0,23:39:00,20260501,1777702323,5,60331,1777704266.0,
3948449,22,0,23:39:00,20260501,1777702323,6,60332,1777704313.0,
3948449,22,0,23:39:00,20260501,1777702323,7,60333,1777704339.0,
3948449,22,0,23:39:00,20260501,1777702323,8,60334,1777704368.0,
3948449,22,0,23:39:00,20260501,1777702323,9,60335,1777704407.0,1777704480.0
3948449,22,0,23:39:00,20260501,1777702323,10,60336,1777704480.0,
3948449,22,0,23:39:00,20260501,1777702323,11,60337,1777704506.0,
3948449,22,0,23:39:00,20260501,1777702323,12,60338,1777704527.0,
3948449,22,0,23:39:00,20260501,1777702323,13,60339,1777704541.0,
3948449,22,0,23:39:00,20260501,1777702323,14,60340,1777704568.0,
3948449,22,0,23:39:00,20260501,1777702323,15,60341,1777704594.0,
3948449,22,0,23:39:00,20260501,1777702323,16,60342,1777704611.0,
3948449,22,0,23:39:00,20260501,1777702323,17,60343,1777704651.0,
3948449,22,0,23:39:00,20260501,1777702323,18,60344,1777704679.0,
3948449,22,0,23:39:00,20260501,1777702323,19,60345,1777704708.0,
3948449,22,0,23:39:00,20260501,1777702323,20,60346,1777704757.0,
3948449,22,0,23:39:00,20260501,1777702323,21,60347,1777704785.0,1777704960.0
3948449,22,0,23:39:00,20260501,1777702323,22,60348,1777704960.0,
3948449,22,0,23:39:00,20260501,1777702323,23,60350,1777704985.0,
3948449,22,0,23:39:00,20260501,1777702323,24,60351,1777705044.0,
3948449,22,0,23:39:00,20260501,1777702323,25,60352,1777705077.0,
3948449,22,0,23:39:00,20260501,1777702323,26,60353,1777705102.0,
3948449,22,0,23:39:00,20260501,1777702323,27,60354,1777705142.0,
3948449,22,0,23:39:00,20260501,1777702323,28,60355,1777705172.0,1777705320.0
3948449,22,0,23:39:00,20260501,1777702323,29,60356,1777705332.0,
3948449,22,0,23:39:00,20260501,1777702323,30,60357,1777705368.0,
3948449,22,0,23:39:00,20260501,1777702323,31,60358,1777705383.0,
3948449,22,0,23:39:00,20260501,1777702323,32,60359,1777705419.0,
3948449,22,0,23:39:00,20260501,1777702323,33,60360,1777705487.0,
3948449,22,0,23:39:00,20260501,1777702323,34,60361,1777705528.0,
3948449,22,0,23:39:00,20260501,1777702323,35,60362,1777705565.0,
3948449,22,0,23:39:00,20260501,1777702323,36,60363,1777705626.0,
3948449,22,0,23:39:00,20260501,1777702323,37,60364,1777705683.0,
3948449,22,0,23:39:00,20260501,1777702323,38,60365,1777705722.0,
3948449,22,0,23:39:00,20260501,1777702323,39,60366,1777705756.0,1777705860.0
3948449,22,0,23:39:00,20260501,1777702323,40,60367,1777705888.0,
3948449,22,0,23:39:00,20260501,1777702323,41,60368,1777705945.0,
3948449,22,0,23:39:00,20260501,1777702323,42,60369,1777706007.0,
3948449,22,0,23:39:00,20260501,1777702323,43,60370,1777706051.0,1777706160.0
3948449,22,0,23:39:00,20260501,1777702323,44,60371,1777706180.0,
3948449,22,0,23:39:00,20260501,1777702323,45,60372,1777706198.0,
3948449,22,0,23:39:00,20260501,1777702323,46,60373,1777706239.0,
3948449,22,0,23:39:00,20260501,1777702323,47,60374,1777706326.0,
3948449,22,0,23:39:00,20260501,1777702323,48,60375,1777706379.0,
3948449,22,0,23:39:00,20260501,1777702323,49,60376,1777706401.0,
3948449,22,0,23:39:00,20260501,1777702323,50,60377,1777706414.0,
3948480,22,0,22:45:00,20260501,1777702323,28,60355,,1777702319.0
3948480,22,0,22:45:00,20260501,1777702323,29,60356,1777702338.0,
3948480,22,0,22:45:00,20260501,1777702323,30,60357,1777702372.0,
3948480,22,0,22:45:00,20260501,1777702323,31,60358,1777702390.0,
3948480,22,0,22:45:00,20260501,1777702323,32,60359,1777702527.0,
3948480,22,0,22:45:00,20260501,1777702323,33,60360,1777702591.0,
3948480,22,0,22:45:00,20260501,1777702323,34,60361,1777702628.0,
3948480,22,0,22:45:00,20260501,1777702323,35,60362,1777702704.0,
3948480,22,0,22:45:00,20260501,1777702323,36,60363,1777702763.0,
3948480,22,0,22:45:00,20260501,1777702323,37,60364,1777702795.0,
3948480,22,0,22:45:00,20260501,1777702323,38,60365,1777702859.0,
3948480,22,0,22:45:00,20260501,1777702323,39,60366,1777702897.0,1777702920.0
3948480,22,0,22:45:00,20260501,1777702323,40,60367,1777702949.0,
3948480,22,0,22:45:00,20260501,1777702323,41,60368,1777702999.0,
3948480,22,0,22:45:00,20260501,1777702323,42,60369,1777703083.0,
3948480,22,0,22:45:00,20260501,1777702323,43,60370,1777703131.0,1777703220.0
3948480,22,0,22:45:00,20260501,1777702323,44,60371,1777703256.0,
3948480,22,0,22:45:00,20260501,1777702323,45,60372,1777703308.0,
3948480,22,0,22:45:00,20260501,1777702323,46,60373,1777703364.0,
3948480,22,0,22:45:00,20260501,1777702323,47,60374,1777703439.0,
3948480,22,0,22:45:00,20260501,1777702323,48,60375,1777703494.0,
3948480,22,0,22:45:00,20260501,1777702323,49,60376,1777703522.0,
3948480,22,0,22:45:00,20260501,1777702323,50,60377,1777703535.0,
3948480,22,0,22:45:00,20260501,1777702323,51,60378,1777703564.0,1777703640.0
3948480,22,0,22:45:00,20260501,1777702323,52,60379,1777703660.0,
3948480,22,0,22:45:00,20260501,1777702323,53,60380,1777703728.0,
3948480,22,0,22:45:00,20260501,1777702323,54,60381,1777703744.0,
3948480,22,0,22:45:00,20260501,1777702323,55,60382,1777703765.0,
3948480,22,0,22:45:00,20260501,1777702323,56,60384,1777703827.0,
3948480,22,0,22:45:00,20260501,1777702323,57,62743,1777703848.0,
3948480,22,0,22:45:00,20260501,1777702323,58,60020,1777703878.0,
3948480,22,0,22:45:00,20260501,1777702323,59,60001,1777704021.0,1777704120.0
3948480,22,0,22:45:00,20260501,1777702323,60,60393,1777704185.0,
3948480,22,0,22:45:00,20260501,1777702323,61,60394,1777704201.0,
3948480,22,0,22:45:00,20260501,1777702323,62,60395,1777704226.0,
3948480,22,0,22:45:00,20260501,1777702323,63,60397,1777704263.0,
3948480,22,0,22:45:00,20260501,1777702323,64,60398,1777704314.0,
3948480,22,0,22:45:00,20260501,1777702323,65,60399,1777704333.0,
3948480,22,0,22:45:00,20260501,1777702323,66,60400,1777704358.0,1777704480.0
3948480,22,0,22:45:00,20260501,1777702323,67,60401,1777704507.0,
3948480,22,0,22:45:00,20260501,1777702323,68,60402,1777704523.0,
3948480,22,0,22:45:00,20260501,1777702323,69,60403,1777704538.0,
3948480,22,0,22:45:00,20260501,1777702323,70,60404,1777704589.0,
3948480,22,0,22:45:00,20260501,1777702323,71,60406,1777704621.0,
3948480,22,0,22:45:00,20260501,1777702323,72,60408,1777704645.0,
3948480,22,0,22:45:00,20260501,1777702323,73,60409,1777704690.0,
3948480,22,0,22:45:00,20260501,1777702323,74,60410,1777704733.0,
3948480,22,0,22:45:00,20260501,1777702323,75,60411,1777704754.0,
3948480,22,0,22:45:00,20260501,1777702323,76,60412,1777704828.0,
3948480,22,0,22:45:00,20260501,1777702323,77,60413,1777704901.0,
3948480,22,0,22:45:00,20260501,1777702323,78,60414,1777704936.0,
3948480,22,0,22:45:00,20260501,1777702323,79,60415,1777704988.0,
3948480,22,0,22:45:00,20260501,1777702323,80,60416,1777705020.0,
3948480,22,0,22:45:00,20260501,1777702323,81,60418,1777705049.0,
3948480,22,0,22:45:00,20260501,1777702323,82,60419,1777705084.0,
3948480,22,0,22:45:00,20260501,1777702323,83,60420,1777705131.0,
3948480,22,0,22:45:00,20260501,1777702323,84,60421,1777705167.0,
3948480,22,0,22:45:00,20260501,1777702323,85,60422,1777705250.0,
3948480,22,0,22:45:00,20260501,1777702323,86,60035,1777705318.0,1777705920.0
3948480,22,0,22:45:00,20260501,1777702323,87,60036,1777705950.0,
3948480,22,0,22:45:00,20260501,1777702323,88,60037,1777705995.0,
3948480,22,0,22:45:00,20260501,1777702323,89,60038,1777706007.0,
3948480,22,0,22:45:00,20260501,1777702323,90,60039,1777706041.0,
3948480,22,0,22:45:00,20260501,1777702323,91,60040,1777706080.0,1777706220.0
3948480,22,0,22:45:00,20260501,1777702323,92,60041,1777706244.0,
3948480,22,0,22:45:00,20260501,1777702323,93,60042,1777706274.0,
3948480,22,0,22:45:00,20260501,1777702323,94,60043,1777706295.0,
3948480,22,0,22:45:00,20260501,1777702323,95,60044,1777706316.0,
3948480,22,0,22:45:00,20260501,1777702323,96,60045,1777706342.0,
3948480,22,0,22:45:00,20260501,1777702323,97,60046,1777706359.0,
3948480,22,0,22:45:00,20260501,1777702323,98,60047,1777706386.0,
3948480,22,0,22:45:00,20260501,1777702323,99,60048,1777706408.0,
3948480,22,0,22:45:00,20260501,1777702323,100,60049,1777706426.0,
3948480,22,0,22:45:00,20260501,1777702323,101,60050,1777706440.0,
3948480,22,0,22:45:00,20260501,1777702323,102,65707,1777706463.0,
3948481,22,0,22:14:00,20260501,1777702323,56,60384,1777702338.0,
3948481,22,0,22:14:00,20260501,1777702323,57,62743,1777702358.0,
3948481,22,0,22:14:00,20260501,1777702323,58,60020,1777702389.0,
3948481,22,0,22:14:00,20260501,1777702323,59,60001,1777702568.0,1777702568.0
3948481,22,0,22:14:00,20260501,1777702323,60,60393,1777702653.0,
3948481,22,0,22:14:00,20260501,1777702323,61,60394,1777702669.0,
3948481,22,0,22:14:00,20260501,1777702323,62,60395,1777702714.0,
3948481,22,0,22:14:00,20260501,1777702323,63,60397,1777702779.0,
3948481,22,0,22:14:00,20260501,1777702323,64,60398,1777702813.0,
3948481,22,0,22:14:00,20260501,1777702323,65,60399,1777702832.0,
3948481,22,0,22:14:00,20260501,1777702323,66,60400,1777702858.0,1777702858.0
3948481,22,0,22:14:00,20260501,1777702323,67,60401,1777702884.0,
3948481,22,0,22:14:00,20260501,1777702323,68,60402,1777702900.0,
3948481,22,0,22:14:00,20260501,1777702323,69,60403,1777702917.0,
3948481,22,0,22:14:00,20260501,1777702323,70,60404,1777702951.0,
3948481,22,0,22:14:00,20260501,1777702323,71,60406,1777702981.0,
3948481,22,0,22:14:00,20260501,1777702323,72,60408,1777703006.0,
3948481,22,0,22:14:00,20260501,1777702323,73,60409,1777703057.0,
3948481,22,0,22:14:00,20260501,1777702323,74,60410,1777703117.0,
3948481,22,0,22:14:00,20260501,1777702323,75,60411,1777703135.0,
3948481,22,0,22:14:00,20260501,1777702323,76,60412,1777703221.0,1777703280.0
3948481,22,0,22:14:00,20260501,1777702323,77,60413,1777703411.0,
3948481,22,0,22:14:00,20260501,1777702323,78,60414,1777703447.0,
3948481,22,0,22:14:00,20260501,1777702323,79,60415,1777703501.0,
3948481,22,0,22:14:00,20260501,1777702323,80,60416,1777703542.0,
3948481,22,0,22:14:00,20260501,1777702323,81,60418,1777703569.0,
3948481,22,0,22:14:00,20260501,1777702323,82,60419,1777703614.0,
3948481,22,0,22:14:00,20260501,1777702323,83,60420,1777703652.0,
3948481,22,0,22:14:00,20260501,1777702323,84,60421,1777703691.0,
3948481,22,0,22:14:00,20260501,1777702323,85,60422,1777703775.0,
3948481,22,0,22:14:00,20260501,1777702323,86,60035,1777703844.0,1777703880.0
3948481,22,0,22:14:00,20260501,1777702323,87,60036,1777703880.0,
3948481,22,0,22:14:00,20260501,1777702323,88,60037,1777703907.0,
3948481,22,0,22:14:00,20260501,1777702323,89,60038,1777703923.0,
3948481,22,0,22:14:00,20260501,1777702323,90,60039,1777703957.0,
3948481,22,0,22:14:00,20260501,1777702323,91,60040,1777703996.0,1777704180.0
3948481,22,0,22:14:00,20260501,1777702323,92,60041,1777704180.0,
3948481,22,0,22:14:00,20260501,1777702323,93,60042,1777704210.0,
3948481,22,0,22:14:00,20260501,1777702323,94,60043,1777704234.0,
3948481,22,0,22:14:00,20260501,1777702323,95,60044,1777704256.0,
3948481,22,0,22:14:00,20260501,1777702323,96,60045,1777704285.0,
3948481,22,0,22:14:00,20260501,1777702323,97,60046,1777704302.0,
3948481,22,0,22:14:00,20260501,1777702323,98,60047,1777704337.0,
3948481,22,0,22:14:00,20260501,1777702323,99,60048,1777704360.0,
3948481,22,0,22:14:00,20260501,1777702323,100,60049,1777704380.0,
3948481,22,0,22:14:00,20260501,1777702323,101,60050,1777704394.0,
3948481,22,0,22:14:00,20260501,1777702323,102,65707,1777704416.0,
3948481,22,0,22:14:00,20260501,1777702323,103,65812,1777704516.0,
3948485,22,0,23:14:00,20260501,1777702323,1,60519,,1777702440.0
3948485,22,0,23:14:00,20260501,1777702323,2,60328,1777702735.0,1777702735.0
3948485,22,0,23:14:00,20260501,1777702323,3,60329,1777702882.0,
3948485,22,0,23:14:00,20260501,1777702323,4,60330,1777702925.0,
3948485,22,0,23:14:00,20260501,1777702323,5,60331,1777702963.0,
3948485,22,0,23:14:00,20260501,1777702323,6,60332,1777703020.0,
3948485,22,0,23:14:00,20260501,1777702323,7,60333,1777703053.0,
3948485,22,0,23:14:00,20260501,1777702323,8,60334,1777703082.0,
3948485,22,0,23:14:00,20260501,1777702323,9,60335,1777703126.0,1777703126.0
3948485,22,0,23:14:00,20260501,1777702323,10,60336,1777703166.0,
3948485,22,0,23:14:00,20260501,1777702323,11,60337,1777703194.0,
3948485,22,0,23:14:00,20260501,1777702323,12,60338,1777703220.0,
3948485,22,0,23:14:00,20260501,1777702323,13,60339,1777703238.0,
3948485,22,0,23:14:00,20260501,1777702323,14,60340,1777703291.0,
3948485,22,0,23:14:00,20260501,1777702323,15,60341,1777703323.0,
3948485,22,0,23:14:00,20260501,1777702323,16,60342,1777703342.0,
3948485,22,0,23:14:00,20260501,1777702323,17,60343,1777703426.0,
3948485,22,0,23:14:00,20260501,1777702323,18,60344,1777703452.0,
3948485,22,0,23:14:00,20260501,1777702323,19,60345,1777703477.0,
3948485,22,0,23:14:00,20260501,1777702323,20,60346,1777703538.0,
3948485,22,0,23:14:00,20260501,1777702323,21,60347,1777703567.0,1777703567.0
3948485,22,0,23:14:00,20260501,1777702323,22,60348,1777703617.0,
3948485,22,0,23:14:00,20260501,1777702323,23,60350,1777703648.0,
3948485,22,0,23:14:00,20260501,1777702323,24,60351,1777703717.0,
3948485,22,0,23:14:00,20260501,1777702323,25,60352,1777703771.0,
3948485,22,0,23:14:00,20260501,1777702323,26,60353,1777703799.0,
3948485,22,0,23:14:00,20260501,1777702323,27,60354,1777703864.0,
3948485,22,0,23:14:00,20260501,1777702323,28,60355,1777703896.0,1777703896.0
3948485,22,0,23:14:00,20260501,1777702323,29,60356,1777703916.0,
3948485,22,0,23:14:00,20260501,1777702323,30,60357,1777703947.0,
3948485,22,0,23:14:00,20260501,1777702323,31,60358,1777703966.0,
3948485,22,0,23:14:00,20260501,1777702323,32,60359,1777704039.0,
3948485,22,0,23:14:00,20260501,1777702323,33,60360,1777704101.0,
3948485,22,0,23:14:00,20260501,1777702323,34,60361,1777704138.0,
3948485,22,0,23:14:00,20260501,1777702323,35,60362,1777704200.0,
3948485,22,0,23:14:00,20260501,1777702323,36,60363,1777704241.0,
3948485,22,0,23:14:00,20260501,1777702323,37,60364,1777704278.0,
3948485,22,0,23:14:00,20260501,1777702323,38,60365,1777704327.0,
3948485,22,0,23:14:00,20260501,1777702323,39,60366,1777704376.0,
3948485,22,0,23:14:00,20260501,1777702323,40,60367,1777704412.0,
3948485,22,0,23:14:00,20260501,1777702323,41,60368,1777704476.0,
3948485,22,0,23:14:00,20260501,1777702323,42,60369,1777704564.0,
3948485,22,0,23:14:00,20260501,1777702323,43,60370,1777704603.0,1777704780.0
3948485,22,0,23:14:00,20260501,1777702323,44,60371,1777704780.0,
3948485,22,0,23:14:00,20260501,1777702323,45,60372,1777704799.0,
3948485,22,0,23:14:00,20260501,1777702323,46,60373,1777704848.0,
3948485,22,0,23:14:00,20260501,1777702323,47,60374,1777704920.0,
3948485,22,0,23:14:00,20260501,1777702323,48,60375,1777704975.0,
3948485,22,0,23:14:00,20260501,1777702323,49,60376,1777705005.0,
3948485,22,0,23:14:00,20260501,1777702323,50,60377,1777705019.0,
3948485,22,0,23:14:00,20260501,1777702323,51,60378,1777705050.0,1777705140.0
3948485,22,0,23:14:00,20260501,1777702323,52,60379,1777705140.0,
3948485,22,0,23:14:00,20260501,1777702323,53,60380,1777705205.0,
3948485,22,0,23:14:00,20260501,1777702323,54,60381,1777705220.0,
3948485,22,0,23:14:00,20260501,1777702323,55,60382,1777705242.0,
3948485,22,0,23:14:00,20260501,1777702323,56,60384,1777705290.0,
3948485,22,0,23:14:00,20260501,1777702323,57,62743,1777705308.0,
3948485,22,0,23:14:00,20260501,1777702323,58,60020,1777705339.0,
3948485,22,0,23:14:00,20260501,1777702323,59,60001,1777705465.0,1777705620.0
3948485,22,0,23:14:00,20260501,1777702323,60,60393,1777705651.0,
3948485,22,0,23:14:00,20260501,1777702323,61,60394,1777705667.0,
3948485,22,0,23:14:00,20260501,1777702323,62,60395,1777705702.0,
3948485,22,0,23:14:00,20260501,1777702323,63,60397,1777705733.0,
3948485,22,0,23:14:00,20260501,1777702323,64,60398,1777705770.0,
3948485,22,0,23:14:00,20260501,1777702323,65,60399,1777705789.0,
3948485,22,0,23:14:00,20260501,1777702323,66,60400,1777705814.0,
3948485,22,0,23:14:00,20260501,1777702323,67,60401,1777705849.0,
3948485,22,0,23:14:00,20260501,1777702323,68,60402,1777705865.0,
3948485,22,0,23:14:00,20260501,1777702323,69,60403,1777705883.0,
3948485,22,0,23:14:00,20260501,1777702323,70,60404,1777705920.0,
3948485,22,0,23:14:00,20260501,1777702323,71,60406,1777705954.0,
3948485,22,0,23:14:00,20260501,1777702323,72,60408,1777705981.0,
3948485,22,0,23:14:00,20260501,1777702323,73,60409,1777706018.0,
3948485,22,0,23:14:00,20260501,1777702323,74,60410,1777706058.0,
3948485,22,0,23:14:00,20260501,1777702323,75,60411,1777706072.0,
3948485,22,0,23:14:00,20260501,1777702323,76,60412,1777706132.0,1777706400.0
3948485,22,0,23:14:00,20260501,1777702323,77,60413,1777706453.0,
3948485,22,0,23:14:00,20260501,1777702323,78,60414,1777706486.0,
3948486,22,0,21:51:00,20260501,1777702323,76,60412,1777702323.0,1777702323.0
3948486,22,0,21:51:00,20260501,1777702323,77,60413,1777702451.0,
3948486,22,0,21:51:00,20260501,1777702323,78,60414,1777702481.0,
3948486,22,0,21:51:00,20260501,1777702323,79,60415,1777702535.0,
3948486,22,0,21:51:00,20260501,1777702323,80,60416,1777702574.0,
3948486,22,0,21:51:00,20260501,1777702323,81,60418,1777702600.0,
3948486,22,0,21:51:00,20260501,1777702323,82,60419,1777702634.0,
3948486,22,0,21:51:00,20260501,1777702323,83,60420,1777702677.0,
3948486,22,0,21:51:00,20260501,1777702323,84,60421,1777702707.0,
3948486,22,0,21:51:00,20260501,1777702323,85,60422,1777702802.0,
3948486,22,0,21:51:00,20260501,1777702323,86,60035,1777702860.0,
3948486,22,0,21:51:00,20260501,1777702323,87,60036,1777702901.0,
3948486,22,0,21:51:00,20260501,1777702323,88,60037,1777702947.0,
3948486,22,0,21:51:00,20260501,1777702323,89,60038,1777702962.0,
3948486,22,0,21:51:00,20260501,1777702323,90,60039,1777702997.0,
3948486,22,0,21:51:00,20260501,1777702323,91,60040,1777703051.0,
3948486,22,0,21:51:00,20260501,1777702323,92,60041,1777703085.0,
3948486,22,0,21:51:00,20260501,1777702323,93,60042,1777703118.0,
3948486,22,0,21:51:00,20260501,1777702323,94,60043,1777703140.0,
3948486,22,0,21:51:00,20260501,1777702323,95,60044,1777703162.0,
3948486,22,0,21:51:00,20260501,1777702323,96,60045,1777703199.0,
3948486,22,0,21:51:00,20260501,1777702323,97,60046,1777703216.0,
3948486,22,0,21:51:00,20260501,1777702323,98,60047,1777703250.0,
3948486,22,0,21:51:00,20260501,1777702323,99,60048,1777703280.0,
3948486,22,0,21:51:00,20260501,1777702323,100,60049,1777703319.0,
3948486,22,0,21:51:00,20260501,1777702323,101,60050,1777703332.0,
3948486,22,0,21:51:00,20260501,1777702323,102,65707,1777703353.0,
3948486,22,0,21:51:00,20260501,1777702323,103,65812,1777703452.0,
3948532,22,1,24:18:00,20260501,1777702323,1,65812,,1777706280.0
3948556,22,1,22:04:00,20260501,1777702323,62,60481,1777702317.0,
3948556,22,1,22:04:00,20260501,1777702323,63,60482,1777702400.0,
3948556,22,1,22:04:00,20260501,1777702323,64,60483,1777702438.0,
3948556,22,1,22:04:00,20260501,1777702323,65,60484,1777702465.0,1777702465.0
3948556,22,1,22:04:00,20260501,1777702323,66,60485,1777702542.0,
3948556,22,1,22:04:00,20260501,1777702323,67,60486,1777702568.0,
3948556,22,1,22:04:00,20260501,1777702323,68,60487,1777702663.0,
3948556,22,1,22:04:00,20260501,1777702323,69,60488,1777702698.0,
3948556,22,1,22:04:00,20260501,1777702323,70,60489,1777702753.0,
3948556,22,1,22:04:00,20260501,1777702323,71,60490,1777702804.0,
3948556,22,1,22:04:00,20260501,1777702323,72,60491,1777702952.0,
3948556,22,1,22:04:00,20260501,1777702323,73,60492,1777702994.0,
3948556,22,1,22:04:00,20260501,1777702323,74,60493,1777703049.0,
3948556,22,1,22:04:00,20260501,1777702323,75,60494,1777703080.0,1777703080.0
3948556,22,1,22:04:00,20260501,1777702323,76,60495,1777703123.0,
3948556,22,1,22:04:00,20260501,1777702323,77,60496,1777703152.0,
3948556,22,1,22:04:00,20260501,1777702323,78,60497,1777703192.0,
3948556,22,1,22:04:00,20260501,1777702323,79,60498,1777703268.0,
3948556,22,1,22:04:00,20260501,1777702323,80,60499,1777703313.0,
3948556,22,1,22:04:00,20260501,1777702323,81,60500,1777703360.0,1777703360.0
3948556,22,1,22:04:00,20260501,1777702323,82,60501,1777703391.0,
3948556,22,1,22:04:00,20260501,1777702323,83,60502,1777703416.0,
3948556,22,1,22:04:00,20260501,1777702323,84,60503,1777703498.0,
3948556,22,1,22:04:00,20260501,1777702323,85,60504,1777703556.0,
3948556,22,1,22:04:00,20260501,1777702323,86,60505,1777703569.0,
3948556,22,1,22:04:00,20260501,1777702323,87,60507,1777703613.0,
3948556,22,1,22:04:00,20260501,1777702323,88,60508,1777703644.0,
3948556,22,1,22:04:00,20260501,1777702323,89,60509,1777703659.0,
3948556,22,1,22:04:00,20260501,1777702323,90,60511,1777703749.0,
3948556,22,1,22:04:00,20260501,1777702323,91,60512,1777703783.0,
3948556,22,1,22:04:00,20260501,1777702323,92,60513,1777703828.0,
3948556,22,1,22:04:00,20260501,1777702323,93,60514,1777703857.0,
3948556,22,1,22:04:00,20260501,1777702323,94,60515,1777703912.0,
3948556,22,1,22:04:00,20260501,1777702323,95,60516,1777703927.0,
3948556,22,1,22:04:00,20260501,1777702323,96,60517,1777703972.0,
3948556,22,1,22:04:00,20260501,1777702323,97,60518,1777703987.0,
3948556,22,1,22:04:00,20260501,1777702323,98,60519,1777704047.0,
3948559,22,1,22:25:00,20260501,1777702323,5,60055,1777702323.0,
3948559,22,1,22:25:00,20260501,1777702323,6,60056,1777702358.0,
3948559,22,1,22:25:00,20260501,1777702323,7,60425,1777702376.0,
3948559,22,1,22:25:00,20260501,1777702323,8,60057,1777702396.0,
3948559,22,1,22:25:00,20260501,1777702323,9,60058,1777702423.0,
3948559,22,1,22:25:00,20260501,1777702323,10,60059,1777702454.0,
3948559,22,1,22:25:00,20260501,1777702323,11,60060,1777702483.0,
3948559,22,1,22:25:00,20260501,1777702323,12,65427,1777702505.0,1777702505.0
3948559,22,1,22:25:00,20260501,1777702323,13,60061,1777702542.0,
3948559,22,1,22:25:00,20260501,1777702323,14,60063,1777702606.0,
3948559,22,1,22:25:00,20260501,1777702323,15,60064,1777702628.0,
3948559,22,1,22:25:00,20260501,1777702323,16,60065,1777702659.0,
3948559,22,1,22:25:00,20260501,1777702323,17,60426,1777702737.0,1777702737.0
3948559,22,1,22:25:00,20260501,1777702323,18,60428,1777702780.0,
3948559,22,1,22:25:00,20260501,1777702323,19,60429,1777702881.0,
3948559,22,1,22:25:00,20260501,1777702323,20,60431,1777702940.0,
3948559,22,1,22:25:00,20260501,1777702323,21,60433,1777702976.0,
3948559,22,1,22:25:00,20260501,1777702323,22,60434,1777703002.0,
3948559,22,1,22:25:00,20260501,1777702323,23,60435,1777703028.0,
3948559,22,1,22:25:00,20260501,1777702323,24,60437,1777703082.0,
3948559,22,1,22:25:00,20260501,1777702323,25,60438,1777703122.0,
3948559,22,1,22:25:00,20260501,1777702323,26,60439,1777703164.0,
3948559,22,1,22:25:00,20260501,1777702323,27,65849,1777703284.0,1777703284.0
3948559,22,1,22:25:00,20260501,1777702323,28,60441,1777703356.0,
3948559,22,1,22:25:00,20260501,1777702323,29,60442,1777703405.0,
3948559,22,1,22:25:00,20260501,1777702323,30,60443,1777703430.0,
3948559,22,1,22:25:00,20260501,1777702323,31,60444,1777703458.0,
3948559,22,1,22:25:00,20260501,1777702323,32,60445,1777703481.0,
3948559,22,1,22:25:00,20260501,1777702323,33,60446,1777703520.0,
3948559,22,1,22:25:00,20260501,1777702323,34,60448,1777703552.0,
3948559,22,1,22:25:00,20260501,1777702323,35,60449,1777703577.0,
3948559,22,1,22:25:00,20260501,1777702323,36,60450,1777703623.0,
3948559,22,1,22:25:00,20260501,1777702323,37,60451,1777703639.0,
3948559,22,1,22:25:00,20260501,1777702323,38,60452,1777703668.0,1777703668.0
3948559,22,1,22:25:00,20260501,1777702323,39,60453,1777703691.0,
3948559,22,1,22:25:00,20260501,1777702323,40,60454,1777703711.0,
3948559,22,1,22:25:00,20260501,1777702323,41,60455,1777703742.0,
3948559,22,1,22:25:00,20260501,1777702323,42,60457,1777703771.0,
3948559,22,1,22:25:00,20260501,1777702323,43,60458,1777703808.0,
3948559,22,1,22:25:00,20260501,1777702323,44,60459,1777703832.0,
3948559,22,1,22:25:00,20260501,1777702323,45,60460,1777703864.0,1777703864.0
3948559,22,1,22:25:00,20260501,1777702323,46,62729,1777703930.0,
3948559,22,1,22:25:00,20260501,1777702323,47,60466,1777703956.0,
3948559,22,1,22:25:00,20260501,1777702323,48,60467,1777703982.0,
3948559,22,1,22:25:00,20260501,1777702323,49,60468,1777704011.0,
3948559,22,1,22:25:00,20260501,1777702323,50,60469,1777704041.0,
3948559,22,1,22:25:00,20260501,1777702323,51,60470,1777704084.0,
3948559,22,1,22:25:00,20260501,1777702323,52,60471,1777704109.0,
3948559,22,1,22:25:00,20260501,1777702323,53,60472,1777704122.0,1777704122.0
3948559,22,1,22:25:00,20260501,1777702323,54,60473,1777704154.0,
3948559,22,1,22:25:00,20260501,1777702323,55,60474,1777704179.0,
3948559,22,1,22:25:00,20260501,1777702323,56,60475,1777704211.0,
3948559,22,1,22:25:00,20260501,1777702323,57,60476,1777704256.0,
3948559,22,1,22:25:00,20260501,1777702323,58,60477,1777704331.0,
3948559,22,1,22:25:00,20260501,1777702323,59,60478,1777704374.0,
3948559,22,1,22:25:00,20260501,1777702323,60,60479,1777704413.0,
3948559,22,1,22:25:00,20260501,1777702323,61,60480,1777704464.0,1777704464.0
3948559,22,1,22:25:00,20260501,1777702323,62,60481,1777704507.0,
3948559,22,1,22:25:00,20260501,1777702323,63,60482,1777704597.0,
3948559,22,1,22:25:00,20260501,1777702323,64,60483,1777704635.0,
3948559,22,1,22:25:00,20260501,1777702323,65,60484,1777704658.0,1777704658.0
3948559,22,1,22:25:00,20260501,1777702323,66,60485,1777704714.0,
3948559,22,1,22:25:00,20260501,1777702323,67,60486,1777704736.0,
3948559,22,1,22:25:00,20260501,1777702323,68,60487,1777704800.0,
3948559,22,1,22:25:00,20260501,1777702323,69,60488,1777704828.0,
3948559,22,1,22:25:00,20260501,1777702323,70,60489,1777704863.0,
3948559,22,1,22:25:00,20260501,1777702323,71,60490,1777704909.0,
3948559,22,1,22:25:00,20260501,1777702323,72,60491,1777705071.0,
3948559,22,1,22:25:00,20260501,1777702323,73,60492,1777705102.0,
3948559,22,1,22:25:00,20260501,1777702323,74,60493,1777705142.0,
3948559,22,1,22:25:00,20260501,1777702323,75,60494,1777705166.0,1777705166.0
3948559,22,1,22:25:00,20260501,1777702323,76,60495,1777705207.0,
3948559,22,1,22:25:00,20260501,1777702323,77,60496,1777705235.0,
3948559,22,1,22:25:00,20260501,1777702323,78,60497,1777705266.0,
3948559,22,1,22:25:00,20260501,1777702323,79,60498,1777705323.0,
3948559,22,1,22:25:00,20260501,1777702323,80,60499,1777705356.0,
3948559,22,1,22:25:00,20260501,1777702323,81,60500,1777705382.0,1777705382.0
3948559,22,1,22:25:00,20260501,1777702323,82,60501,1777705412.0,
3948559,22,1,22:25:00,20260501,1777702323,83,60502,1777705440.0,
3948559,22,1,22:25:00,20260501,1777702323,84,60503,1777705512.0,
3948559,22,1,22:25:00,20260501,1777702323,85,60504,1777705556.0,
3948559,22,1,22:25:00,20260501,1777702323,86,60505,1777705568.0,
3948559,22,1,22:25:00,20260501,1777702323,87,60507,1777705604.0,
3948559,22,1,22:25:00,20260501,1777702323,88,60508,1777705629.0,
3948559,22,1,22:25:00,20260501,1777702323,89,60509,1777705642.0,
3948559,22,1,22:25:00,20260501,1777702323,90,60511,1777705727.0,
3948559,22,1,22:25:00,20260501,1777702323,91,60512,1777705757.0,1777705757.0
3948559,22,1,22:25:00,20260501,1777702323,92,60513,1777705785.0,
3948559,22,1,22:25:00,20260501,1777702323,93,60514,1777705806.0,
3948559,22,1,22:25:00,20260501,1777702323,94,60515,1777705841.0,
3948559,22,1,22:25:00,20260501,1777702323,95,60516,1777705856.0,
3948559,22,1,22:25:00,20260501,1777702323,96,60517,1777705907.0,
3948559,22,1,22:25:00,20260501,1777702323,97,60518,1777705924.0,
3948559,22,1,22:25:00,20260501,1777702323,98,60519,1777705997.0,
3948562,22,1,23:31:00,20260501,1777702323,1,65812,,1777703460.0
3948562,22,1,23:31:00,20260501,1777702323,2,65810,1777703537.0,1777703580.0
3948562,22,1,23:31:00,20260501,1777702323,3,60053,1777703673.0,
3948562,22,1,23:31:00,20260501,1777702323,4,60054,1777703690.0,
3948562,22,1,23:31:00,20260501,1777702323,5,60055,1777703801.0,
3948562,22,1,23:31:00,20260501,1777702323,6,60056,1777703846.0,
3948562,22,1,23:31:00,20260501,1777702323,7,60425,1777703863.0,
3948562,22,1,23:31:00,20260501,1777702323,8,60057,1777703884.0,
3948562,22,1,23:31:00,20260501,1777702323,9,60058,1777703911.0,
3948562,22,1,23:31:00,20260501,1777702323,10,60059,1777703943.0,
3948562,22,1,23:31:00,20260501,1777702323,11,60060,1777703977.0,
3948562,22,1,23:31:00,20260501,1777702323,12,65427,1777704001.0,
3948562,22,1,23:31:00,20260501,1777702323,13,60061,1777704034.0,
3948562,22,1,23:31:00,20260501,1777702323,14,60063,1777704080.0,
3948562,22,1,23:31:00,20260501,1777702323,15,60064,1777704102.0,
3948562,22,1,23:31:00,20260501,1777702323,16,60065,1777704135.0,
3948562,22,1,23:31:00,20260501,1777702323,17,60426,1777704210.0,1777704360.0
3948562,22,1,23:31:00,20260501,1777702323,18,60428,1777704395.0,
3948562,22,1,23:31:00,20260501,1777702323,19,60429,1777704455.0,
3948562,22,1,23:31:00,20260501,1777702323,20,60431,1777704497.0,
3948562,22,1,23:31:00,20260501,1777702323,21,60433,1777704540.0,
3948562,22,1,23:31:00,20260501,1777702323,22,60434,1777704565.0,
3948562,22,1,23:31:00,20260501,1777702323,23,60435,1777704590.0,
3948562,22,1,23:31:00,20260501,1777702323,24,60437,1777704620.0,
3948562,22,1,23:31:00,20260501,1777702323,25,60438,1777704683.0,
3948562,22,1,23:31:00,20260501,1777702323,26,60439,1777704708.0,
3948562,22,1,23:31:00,20260501,1777702323,27,65849,1777704804.0,
3948562,22,1,23:31:00,20260501,1777702323,28,60441,1777704861.0,
3948562,22,1,23:31:00,20260501,1777702323,29,60442,1777704904.0,
3948562,22,1,23:31:00,20260501,1777702323,30,60443,1777704928.0,
3948562,22,1,23:31:00,20260501,1777702323,31,60444,1777704956.0,
3948562,22,1,23:31:00,20260501,1777702323,32,60445,1777704981.0,
3948562,22,1,23:31:00,20260501,1777702323,33,60446,1777705044.0,
3948562,22,1,23:31:00,20260501,1777702323,34,60448,1777705080.0,
3948562,22,1,23:31:00,20260501,1777702323,35,60449,1777705110.0,
3948562,22,1,23:31:00,20260501,1777702323,36,60450,1777705138.0,
3948562,22,1,23:31:00,20260501,1777702323,37,60451,1777705156.0,
3948562,22,1,23:31:00,20260501,1777702323,38,60452,1777705189.0,1777705800.0
3948562,22,1,23:31:00,20260501,1777702323,39,60453,1777705829.0,
3948562,22,1,23:31:00,20260501,1777702323,40,60454,1777705855.0,
3948562,22,1,23:31:00,20260501,1777702323,41,60455,1777705905.0,
3948562,22,1,23:31:00,20260501,1777702323,42,60457,1777705937.0,
3948562,22,1,23:31:00,20260501,1777702323,43,60458,1777705970.0,
3948562,22,1,23:31:00,20260501,1777702323,44,60459,1777705997.0,
3948562,22,1,23:31:00,20260501,1777702323,45,60460,1777706031.0,1777706100.0
3948562,22,1,23:31:00,20260501,1777702323,46,62729,1777706173.0,
3948562,22,1,23:31:00,20260501,1777702323,47,60466,1777706225.0,
3948562,22,1,23:31:00,20260501,1777702323,48,60467,1777706253.0,
3948562,22,1,23:31:00,20260501,1777702323,49,60468,1777706285.0,
3948562,22,1,23:31:00,20260501,1777702323,50,60469,1777706340.0,
3948562,22,1,23:31:00,20260501,1777702323,51,60470,1777706398.0,
3948562,22,1,23:31:00,20260501,1777702323,52,60471,1777706425.0,
3948563,22,1,22:58:00,20260501,1777702323,14,60063,1777702365.0,
3948563,22,1,22:58:00,20260501,1777702323,15,60064,1777702386.0,
3948563,22,1,22:58:00,20260501,1777702323,16,60065,1777702418.0,
3948563,22,1,22:58:00,20260501,1777702323,17,60426,1777702501.0,1777702501.0
3948563,22,1,22:58:00,20260501,1777702323,18,60428,1777702552.0,
3948563,22,1,22:58:00,20260501,1777702323,19,60429,1777702643.0,
3948563,22,1,22:58:00,20260501,1777702323,20,60431,1777702684.0,
3948563,22,1,22:58:00,20260501,1777702323,21,60433,1777702736.0,
3948563,22,1,22:58:00,20260501,1777702323,22,60434,1777702760.0,
3948563,22,1,22:58:00,20260501,1777702323,23,60435,1777702786.0,
3948563,22,1,22:58:00,20260501,1777702323,24,60437,1777702821.0,
3948563,22,1,22:58:00,20260501,1777702323,25,60438,1777702884.0,
3948563,22,1,22:58:00,20260501,1777702323,26,60439,1777702928.0,
3948563,22,1,22:58:00,20260501,1777702323,27,65849,1777703043.0,1777703043.0
3948563,22,1,22:58:00,20260501,1777702323,28,60441,1777703108.0,
3948563,22,1,22:58:00,20260501,1777702323,29,60442,1777703157.0,
3948563,22,1,22:58:00,20260501,1777702323,30,60443,1777703194.0,
3948563,22,1,22:58:00,20260501,1777702323,31,60444,1777703238.0,
3948563,22,1,22:58:00,20260501,1777702323,32,60445,1777703262.0,
3948563,22,1,22:58:00,20260501,1777702323,33,60446,1777703307.0,
3948563,22,1,22:58:00,20260501,1777702323,34,60448,1777703345.0,
3948563,22,1,22:58:00,20260501,1777702323,35,60449,1777703388.0,
3948563,22,1,22:58:00,20260501,1777702323,36,60450,1777703422.0,
3948563,22,1,22:58:00,20260501,1777702323,37,60451,1777703443.0,
3948563,22,1,22:58:00,20260501,1777702323,38,60452,1777703474.0,1777703520.0
3948563,22,1,22:58:00,20260501,1777702323,39,60453,1777703542.0,
3948563,22,1,22:58:00,20260501,1777702323,40,60454,1777703565.0,
3948563,22,1,22:58:00,20260501,1777702323,41,60455,1777703616.0,
3948563,22,1,22:58:00,20260501,1777702323,42,60457,1777703646.0,
3948563,22,1,22:58:00,20260501,1777702323,43,60458,1777703704.0,
3948563,22,1,22:58:00,20260501,1777702323,44,60459,1777703731.0,
3948563,22,1,22:58:00,20260501,1777702323,45,60460,1777703766.0,1777703820.0
3948563,22,1,22:58:00,20260501,1777702323,46,62729,1777703911.0,
3948563,22,1,22:58:00,20260501,1777702323,47,60466,1777703941.0,
3948563,22,1,22:58:00,20260501,1777702323,48,60467,1777703970.0,
3948563,22,1,22:58:00,20260501,1777702323,49,60468,1777704003.0,
3948563,22,1,22:58:00,20260501,1777702323,50,60469,1777704054.0,
3948563,22,1,22:58:00,20260501,1777702323,51,60470,1777704096.0,
3948563,22,1,22:58:00,20260501,1777702323,52,60471,1777704124.0,
3948563,22,1,22:58:00,20260501,1777702323,53,60472,1777704139.0,1777704300.0
3948563,22,1,22:58:00,20260501,1777702323,54,60473,1777704324.0,
3948563,22,1,22:58:00,20260501,1777702323,55,60474,1777704354.0,
3948563,22,1,22:58:00,20260501,1777702323,56,60475,1777704374.0,
3948563,22,1,22:58:00,20260501,1777702323,57,60476,1777704423.0,
3948563,22,1,22:58:00,20260501,1777702323,58,60477,1777704506.0,
3948563,22,1,22:58:00,20260501,1777702323,59,60478,1777704564.0,
3948563,22,1,22:58:00,20260501,1777702323,60,60479,1777704603.0,
3948563,22,1,22:58:00,20260501,1777702323,61,60480,1777704653.0,1777704780.0
3948563,22,1,22:58:00,20260501,1777702323,62,60481,1777704818.0,
3948563,22,1,22:58:00,20260501,1777702323,63,60482,1777704912.0,
3948563,22,1,22:58:00,20260501,1777702323,64,60483,1777704954.0,
3948563,22,1,22:58:00,20260501,1777702323,65,60484,1777704981.0,1777705020.0
3948563,22,1,22:58:00,20260501,1777702323,66,60485,1777705067.0,
3948563,22,1,22:58:00,20260501,1777702323,67,60486,1777705095.0,
3948563,22,1,22:58:00,20260501,1777702323,68,60487,1777705164.0,
3948563,22,1,22:58:00,20260501,1777702323,69,60488,1777705194.0,
3948563,22,1,22:58:00,20260501,1777702323,70,60489,1777705224.0,
3948563,22,1,22:58:00,20260501,1777702323,71,60490,1777705277.0,
3948563,22,1,22:58:00,20260501,1777702323,72,60491,1777705399.0,
3948563,22,1,22:58:00,20260501,1777702323,73,60492,1777705426.0,
3948563,22,1,22:58:00,20260501,1777702323,74,60493,1777705483.0,
3948563,22,1,22:58:00,20260501,1777702323,75,60494,1777705507.0,1777705620.0
3948563,22,1,22:58:00,20260501,1777702323,76,60495,1777705663.0,
3948563,22,1,22:58:00,20260501,1777702323,77,60496,1777705691.0,
3948563,22,1,22:58:00,20260501,1777702323,78,60497,1777705723.0,
3948563,22,1,22:58:00,20260501,1777702323,79,60498,1777705788.0,
3948563,22,1,22:58:00,20260501,1777702323,80,60499,1777705842.0,
3948563,22,1,22:58:00,20260501,1777702323,81,60500,1777705870.0,1777705920.0
3948563,22,1,22:58:00,20260501,1777702323,82,60501,1777705948.0,
3948563,22,1,22:58:00,20260501,1777702323,83,60502,1777705976.0,
3948563,22,1,22:58:00,20260501,1777702323,84,60503,1777706041.0,
3948563,22,1,22:58:00,20260501,1777702323,85,60504,1777706093.0,
3948563,22,1,22:58:00,20260501,1777702323,86,60505,1777706105.0,
3948563,22,1,22:58:00,20260501,1777702323,87,60507,1777706141.0,
3948563,22,1,22:58:00,20260501,1777702323,88,60508,1777706171.0,
3948563,22,1,22:58:00,20260501,1777702323,89,60509,1777706202.0,
3948563,22,1,22:58:00,20260501,1777702323,90,60511,1777706279.0,
3948563,22,1,22:58:00,20260501,1777702323,91,60512,1777706311.0,1777706400.0
3948563,22,1,22:58:00,20260501,1777702323,92,60513,1777706400.0,
3948563,22,1,22:58:00,20260501,1777702323,93,60514,1777706423.0,
3948563,22,1,22:58:00,20260501,1777702323,94,60515,1777706461.0,
3948563,22,1,22:58:00,20260501,1777702323,95,60516,1777706473.0,
3948563,22,1,22:58:00,20260501,1777702323,96,60517,1777706512.0,
3948568,22,1,21:44:00,20260501,1777702323,93,60514,1777702317.0,
3948568,22,1,21:44:00,20260501,1777702323,94,60515,1777702350.0,
3948568,22,1,21:44:00,20260501,1777702323,95,60516,1777702361.0,
3948568,22,1,21:44:00,20260501,1777702323,96,60517,1777702410.0,
3948568,22,1,21:44:00,20260501,1777702323,97,60518,1777702426.0,
3948568,22,1,21:44:00,20260501,1777702323,98,60519,1777702489.0,
3949441,23,0,22:44:00,20260501,1777702323,32,60603,1777702346.0,1777702346.0
3949441,23,0,22:44:00,20260501,1777702323,33,60604,1777702355.0,
3949441,23,0,22:44:00,20260501,1777702323,34,60605,1777702382.0,
3949441,23,0,22:44:00,20260501,1777702323,35,60606,1777702476.0,
3949441,23,0,22:44:00,20260501,1777702323,36,60607,1777702535.0,
3949441,23,0,22:44:00,20260501,1777702323,37,65460,1777702599.0,1777702599.0
3949441,23,0,22:44:00,20260501,1777702323,38,60412,1777702781.0,1777702781.0
3949441,23,0,22:44:00,20260501,1777702323,39,60413,1777702903.0,
3949441,23,0,22:44:00,20260501,1777702323,40,60414,1777702937.0,
3949441,23,0,22:44:00,20260501,1777702323,41,60415,1777702998.0,
3949441,23,0,22:44:00,20260501,1777702323,42,60416,1777703021.0,
3949441,23,0,22:44:00,20260501,1777702323,43,60418,1777703052.0,
3949441,23,0,22:44:00,20260501,1777702323,44,60419,1777703090.0,
3949441,23,0,22:44:00,20260501,1777702323,45,60420,1777703145.0,
3949441,23,0,22:44:00,20260501,1777702323,46,60421,1777703180.0,
3949441,23,0,22:44:00,20260501,1777702323,47,60422,1777703278.0,
3949441,23,0,22:44:00,20260501,1777702323,48,63026,1777703345.0,1777703345.0
3949441,23,0,22:44:00,20260501,1777702323,49,63027,1777703369.0,
3949441,23,0,22:44:00,20260501,1777702323,50,63028,1777703412.0,
3949441,23,0,22:44:00,20260501,1777702323,51,63029,1777703445.0,
3949441,23,0,22:44:00,20260501,1777702323,52,63030,1777703481.0,1777703481.0
3949441,23,0,22:44:00,20260501,1777702323,53,63031,1777703528.0,
3949441,23,0,22:44:00,20260501,1777702323,54,63864,1777703562.0,
3949441,23,0,22:44:00,20260501,1777702323,55,65320,1777703614.0,
3949474,23,0,23:50:00,20260501,1777702323,1,65637,,1777704600.0
3949474,23,0,23:50:00,20260501,1777702323,2,60565,1777704766.0,
3949474,23,0,23:50:00,20260501,1777702323,3,60566,1777704818.0,
3949474,23,0,23:50:00,20260501,1777702323,4,60567,1777704863.0,
3949474,23,0,23:50:00,20260501,1777702323,5,60568,1777704893.0,
3949474,23,0,23:50:00,20260501,1777702323,6,60569,1777704926.0,
3949474,23,0,23:50:00,20260501,1777702323,7,60570,1777704948.0,
3949474,23,0,23:50:00,20260501,1777702323,8,60571,1777704991.0,1777704991.0
3949474,23,0,23:50:00,20260501,1777702323,9,60572,1777705019.0,
3949474,23,0,23:50:00,20260501,1777702323,10,60573,1777705045.0,
3949474,23,0,23:50:00,20260501,1777702323,11,60574,1777705067.0,
3949474,23,0,23:50:00,20260501,1777702323,12,60575,1777705123.0,
3949474,23,0,23:50:00,20260501,1777702323,13,60576,1777705158.0,
3949474,23,0,23:50:00,20260501,1777702323,14,60578,1777705194.0,
3949474,23,0,23:50:00,20260501,1777702323,15,60579,1777705210.0,
3949474,23,0,23:50:00,20260501,1777702323,16,60580,1777705225.0,
3949474,23,0,23:50:00,20260501,1777702323,17,60582,1777705270.0,1777705270.0
3949474,23,0,23:50:00,20260501,1777702323,18,60583,1777705302.0,
3949474,23,0,23:50:00,20260501,1777702323,19,60585,1777705381.0,
3949474,23,0,23:50:00,20260501,1777702323,20,60586,1777705400.0,
3949474,23,0,23:50:00,20260501,1777702323,21,60587,1777705426.0,
3949474,23,0,23:50:00,20260501,1777702323,22,64650,1777705454.0,1777705500.0
3949474,23,0,23:50:00,20260501,1777702323,23,65740,1777705516.0,
3949474,23,0,23:50:00,20260501,1777702323,24,60593,1777705640.0,
3949474,23,0,23:50:00,20260501,1777702323,25,60594,1777705664.0,
3949474,23,0,23:50:00,20260501,1777702323,26,60596,1777705713.0,
3949474,23,0,23:50:00,20260501,1777702323,27,60597,1777705741.0,
3949474,23,0,23:50:00,20260501,1777702323,28,60598,1777705768.0,
3949474,23,0,23:50:00,20260501,1777702323,29,60600,1777705829.0,
3949474,23,0,23:50:00,20260501,1777702323,30,60601,1777705896.0,
3949474,23,0,23:50:00,20260501,1777702323,31,60602,1777705911.0,
3949474,23,0,23:50:00,20260501,1777702323,32,60603,1777705957.0,1777706160.0
3949474,23,0,23:50:00,20260501,1777702323,33,60604,1777706160.0,
3949474,23,0,23:50:00,20260501,1777702323,34,60605,1777706182.0,
3949474,23,0,23:50:00,20260501,1777702323,35,60606,1777706235.0,
3949474,23,0,23:50:00,20260501,1777702323,36,60607,1777706270.0,
3949474,23,0,23:50:00,20260501,1777702323,37,65460,1777706332.0,1777706400.0
3949481,23,0,22:21:00,20260501,1777702323,47,60422,1777702373.0,
3949481,23,0,22:21:00,20260501,1777702323,48,63026,1777702430.0,1777702430.0
3949481,23,0,22:21:00,20260501,1777702323,49,63027,1777702454.0,
3949481,23,0,22:21:00,20260501,1777702323,50,63028,1777702505.0,
3949481,23,0,22:21:00,20260501,1777702323,51,63029,1777702541.0,
3949481,23,0,22:21:00,20260501,1777702323,52,63030,1777702586.0,1777702586.0
3949481,23,0,22:21:00,20260501,1777702323,53,63031,1777702635.0,
3949481,23,0,22:21:00,20260501,1777702323,54,63864,1777702677.0,
3949481,23,0,22:21:00,20260501,1777702323,55,65320,1777702728.0,
3949495,23,1,22:41:00,20260501,1777702323,33,60634,1777702323.0,
3949495,23,1,22:41:00,20260501,1777702323,34,60635,1777702345.0,
3949495,23,1,22:41:00,20260501,1777702323,35,65741,1777702451.0,
3949495,23,1,22:41:00,20260501,1777702323,36,64696,1777702501.0,1777702501.0
3949495,23,1,22:41:00,20260501,1777702323,37,60642,1777702524.0,
3949495,23,1,22:41:00,20260501,1777702323,38,60643,1777702547.0,
3949495,23,1,22:41:00,20260501,1777702323,39,60644,1777702620.0,
3949495,23,1,22:41:00,20260501,1777702323,40,60645,1777702657.0,
3949495,23,1,22:41:00,20260501,1777702323,41,60646,1777702694.0,1777702694.0
3949495,23,1,22:41:00,20260501,1777702323,42,60648,1777702726.0,
3949495,23,1,22:41:00,20260501,1777702323,43,60649,1777702746.0,
3949495,23,1,22:41:00,20260501,1777702323,44,60651,1777702770.0,
3949495,23,1,22:41:00,20260501,1777702323,45,60653,1777702874.0,
3949495,23,1,22:41:00,20260501,1777702323,46,60654,1777702904.0,
3949495,23,1,22:41:00,20260501,1777702323,47,60655,1777702931.0,
3949495,23,1,22:41:00,20260501,1777702323,48,60656,1777702954.0,1777703040.0
3949495,23,1,22:41:00,20260501,1777702323,49,60657,1777703052.0,
3949495,23,1,22:41:00,20260501,1777702323,50,60658,1777703069.0,
3949495,23,1,22:41:00,20260501,1777702323,51,60659,1777703091.0,
3949495,23,1,22:41:00,20260501,1777702323,52,60660,1777703139.0,
3949495,23,1,22:41:00,20260501,1777702323,53,60661,1777703154.0,
3949495,23,1,22:41:00,20260501,1777702323,54,60662,1777703191.0,
3949495,23,1,22:41:00,20260501,1777702323,55,65637,1777703253.0,
3949547,23,1,23:48:00,20260501,1777702323,1,65320,,1777704480.0
3949547,23,1,23:48:00,20260501,1777702323,2,63065,1777704771.0,
3949547,23,1,23:48:00,20260501,1777702323,3,63066,1777704788.0,
3949547,23,1,23:48:00,20260501,1777702323,4,63067,1777704843.0,1777704843.0
3949547,23,1,23:48:00,20260501,1777702323,5,63069,1777704871.0,
3949547,23,1,23:48:00,20260501,1777702323,6,63070,1777704892.0,
3949547,23,1,23:48:00,20260501,1777702323,7,63071,1777704933.0,
3949547,23,1,23:48:00,20260501,1777702323,8,60426,1777705003.0,1777705003.0
3949547,23,1,23:48:00,20260501,1777702323,9,60428,1777705035.0,
3949547,23,1,23:48:00,20260501,1777702323,10,60429,1777705122.0,
3949547,23,1,23:48:00,20260501,1777702323,11,60431,1777705164.0,
3949547,23,1,23:48:00,20260501,1777702323,12,60433,1777705210.0,
3949547,23,1,23:48:00,20260501,1777702323,13,60434,1777705234.0,
3949547,23,1,23:48:00,20260501,1777702323,14,60435,1777705260.0,
3949547,23,1,23:48:00,20260501,1777702323,15,60437,1777705291.0,
3949547,23,1,23:48:00,20260501,1777702323,16,60438,1777705336.0,
3949547,23,1,23:48:00,20260501,1777702323,17,60439,1777705361.0,
3949547,23,1,23:48:00,20260501,1777702323,18,63264,1777705483.0,1777705483.0
3949547,23,1,23:48:00,20260501,1777702323,19,65462,1777705521.0,1777705521.0
3949547,23,1,23:48:00,20260501,1777702323,20,64655,1777705562.0,
3949547,23,1,23:48:00,20260501,1777702323,21,60618,1777705590.0,
3949547,23,1,23:48:00,20260501,1777702323,22,60619,1777705630.0,
3949547,23,1,23:48:00,20260501,1777702323,23,60620,1777705679.0,
3949547,23,1,23:48:00,20260501,1777702323,24,60621,1777705715.0,
3949547,23,1,23:48:00,20260501,1777702323,25,60623,1777705739.0,
3949547,23,1,23:48:00,20260501,1777702323,26,60624,1777705753.0,1777705800.0
3949547,23,1,23:48:00,20260501,1777702323,27,60625,1777705812.0,
3949547,23,1,23:48:00,20260501,1777702323,28,60626,1777705841.0,
3949547,23,1,23:48:00,20260501,1777702323,29,66001,1777705881.0,
3949547,23,1,23:48:00,20260501,1777702323,30,60629,1777705933.0,
3949547,23,1,23:48:00,20260501,1777702323,31,60631,1777705971.0,
3949547,23,1,23:48:00,20260501,1777702323,32,60632,1777705990.0,
3949547,23,1,23:48:00,20260501,1777702323,33,60634,1777706028.0,
3949547,23,1,23:48:00,20260501,1777702323,34,60635,1777706049.0,
3949547,23,1,23:48:00,20260501,1777702323,35,65741,1777706132.0,
3949547,23,1,23:48:00,20260501,1777702323,36,64696,1777706194.0,1777706340.0
3949547,23,1,23:48:00,20260501,1777702323,37,60642,1777706356.0,
3949547,23,1,23:48:00,20260501,1777702323,38,60643,1777706381.0,
3949547,23,1,23:48:00,20260501,1777702323,39,60644,1777706426.0,
3949547,23,1,23:48:00,20260501,1777702323,40,60645,1777706456.0,
3950425,25,0,22:28:00,20260501,1777702323,53,60759,1777702374.0,
3950425,25,0,22:28:00,20260501,1777702323,54,60760,1777702400.0,
3950425,25,0,22:28:00,20260501,1777702323,55,60761,1777702450.0,
3950425,25,0,22:28:00,20260501,1777702323,56,60762,1777702572.0,1777702680.0
3950425,25,0,22:28:00,20260501,1777702323,57,60764,1777702740.0,
3950425,25,0,22:28:00,20260501,1777702323,58,60765,1777702784.0,
3950425,25,0,22:28:00,20260501,1777702323,59,60766,1777702818.0,
3950425,25,0,22:28:00,20260501,1777702323,60,60767,1777702834.0,
3950425,25,0,22:28:00,20260501,1777702323,61,60768,1777702859.0,
3950425,25,0,22:28:00,20260501,1777702323,62,60769,1777702981.0,
3950425,25,0,22:28:00,20260501,1777702323,63,60770,1777703003.0,
3950425,25,0,22:28:00,20260501,1777702323,64,63600,1777703055.0,1777703220.0
3950425,25,0,22:28:00,20260501,1777702323,65,63601,1777703220.0,
3950425,25,0,22:28:00,20260501,1777702323,66,63602,1777703258.0,
3950425,25,0,22:28:00,20260501,1777702323,67,63603,1777703279.0,
3950425,25,0,22:28:00,20260501,1777702323,68,63062,1777703322.0,
3950425,25,0,22:28:00,20260501,1777702323,69,63063,1777703339.0,
3950425,25,0,22:28:00,20260501,1777702323,70,63864,1777703407.0,
3950425,25,0,22:28:00,20260501,1777702323,71,65047,1777703461.0,
3950426,25,0,23:47:00,20260501,1777702323,1,66033,,1777704420.0
3950426,25,0,23:47:00,20260501,1777702323,2,60730,1777704724.0,1777704724.0
3950426,25,0,23:47:00,20260501,1777702323,3,60731,1777704764.0,
3950426,25,0,23:47:00,20260501,1777702323,4,60732,1777704818.0,
3950426,25,0,23:47:00,20260501,1777702323,5,60733,1777704849.0,
3950426,25,0,23:47:00,20260501,1777702323,6,60734,1777704864.0,
3950426,25,0,23:47:00,20260501,1777702323,7,60735,1777704914.0,
3950426,25,0,23:47:00,20260501,1777702323,8,60736,1777704946.0,
3950426,25,0,23:47:00,20260501,1777702323,9,60737,1777704975.0,
3950426,25,0,23:47:00,20260501,1777702323,10,65695,1777705000.0,
3950426,25,0,23:47:00,20260501,1777702323,11,60739,1777705034.0,
3950426,25,0,23:47:00,20260501,1777702323,12,60740,1777705074.0,
3950426,25,0,23:47:00,20260501,1777702323,13,60742,1777705109.0,
3950426,25,0,23:47:00,20260501,1777702323,14,60744,1777705145.0,1777705145.0
3950426,25,0,23:47:00,20260501,1777702323,15,60745,1777705178.0,
3950426,25,0,23:47:00,20260501,1777702323,16,60746,1777705202.0,
3950426,25,0,23:47:00,20260501,1777702323,17,60747,1777705210.0,
3950426,25,0,23:47:00,20260501,1777702323,18,60749,1777705243.0,
3950426,25,0,23:47:00,20260501,1777702323,19,65906,1777705337.0,1777705440.0
3950426,25,0,23:47:00,20260501,1777702323,20,60751,1777705560.0,
3950426,25,0,23:47:00,20260501,1777702323,21,60752,1777705596.0,
3950426,25,0,23:47:00,20260501,1777702323,22,60753,1777705640.0,
3950426,25,0,23:47:00,20260501,1777702323,23,60754,1777705684.0,1777705740.0
3950426,25,0,23:47:00,20260501,1777702323,24,60755,1777705852.0,
3950426,25,0,23:47:00,20260501,1777702323,25,60756,1777705876.0,
3950426,25,0,23:47:00,20260501,1777702323,26,60757,1777705918.0,
3950426,25,0,23:47:00,20260501,1777702323,27,60758,1777705933.0,
3950426,25,0,23:47:00,20260501,1777702323,28,60759,1777705994.0,
3950426,25,0,23:47:00,20260501,1777702323,29,60760,1777706018.0,
3950426,25,0,23:47:00,20260501,1777702323,30,60761,1777706056.0,
3950426,25,0,23:47:00,20260501,1777702323,31,60762,1777706145.0,1777706280.0
3950426,25,0,23:47:00,20260501,1777702323,32,60764,1777706357.0,
3950426,25,0,23:47:00,20260501,1777702323,33,60765,1777706381.0,
3950426,25,0,23:47:00,20260501,1777702323,34,60766,1777706411.0,
3950426,25,0,23:47:00,20260501,1777702323,35,60767,1777706424.0,
3950426,25,0,23:47:00,20260501,1777702323,36,60768,1777706446.0,
3950426,25,0,23:47:00,20260501,1777702323,37,60769,1777706507.0,
3950502,25,1,22:53:00,20260501,1777702323,12,60786,1777702327.0,
3950502,25,1,22:53:00,20260501,1777702323,13,60787,1777702367.0,
3950502,25,1,22:53:00,20260501,1777702323,14,60789,1777702407.0,1777702407.0
3950502,25,1,22:53:00,20260501,1777702323,15,60790,1777702520.0,
3950502,25,1,22:53:00,20260501,1777702323,16,60791,1777702556.0,
3950502,25,1,22:53:00,20260501,1777702323,17,65824,1777702602.0,
3950502,25,1,22:53:00,20260501,1777702323,18,60792,1777702645.0,
3950502,25,1,22:53:00,20260501,1777702323,19,60793,1777702675.0,
3950502,25,1,22:53:00,20260501,1777702323,20,60794,1777702704.0,
3950502,25,1,22:53:00,20260501,1777702323,21,60795,1777702723.0,
3950502,25,1,22:53:00,20260501,1777702323,22,60796,1777702766.0,1777702766.0
3950502,25,1,22:53:00,20260501,1777702323,23,60797,1777702819.0,
3950502,25,1,22:53:00,20260501,1777702323,24,60798,1777702858.0,
3950502,25,1,22:53:00,20260501,1777702323,25,65906,1777702967.0,1777702967.0
3950502,25,1,22:53:00,20260501,1777702323,26,60799,1777703075.0,
3950502,25,1,22:53:00,20260501,1777702323,27,60801,1777703105.0,
3950502,25,1,22:53:00,20260501,1777702323,28,60802,1777703130.0,
3950502,25,1,22:53:00,20260501,1777702323,29,60803,1777703141.0,
3950502,25,1,22:53:00,20260501,1777702323,30,60804,1777703185.0,1777703220.0
3950502,25,1,22:53:00,20260501,1777702323,31,60805,1777703246.0,
3950502,25,1,22:53:00,20260501,1777702323,32,60806,1777703280.0,
3950502,25,1,22:53:00,20260501,1777702323,33,60808,1777703328.0,
3950502,25,1,22:53:00,20260501,1777702323,34,65696,1777703366.0,
3950502,25,1,22:53:00,20260501,1777702323,35,60811,1777703412.0,1777703520.0
3950502,25,1,22:53:00,20260501,1777702323,36,60812,1777703542.0,
3950502,25,1,22:53:00,20260501,1777702323,37,60813,1777703564.0,
3950502,25,1,22:53:00,20260501,1777702323,38,60814,1777703591.0,
3950502,25,1,22:53:00,20260501,1777702323,39,60815,1777703631.0,
3950502,25,1,22:53:00,20260501,1777702323,40,60816,1777703710.0,
3950502,25,1,22:53:00,20260501,1777702323,41,66033,1777703867.0,
3950503,25,1,23:59:00,20260501,1777702323,1,65047,,1777705140.0
3950503,25,1,23:59:00,20260501,1777702323,2,63038,1777705478.0,
3950503,25,1,23:59:00,20260501,1777702323,3,63040,1777705510.0,
3950503,25,1,23:59:00,20260501,1777702323,4,63681,1777705547.0,
3950503,25,1,23:59:00,20260501,1777702323,5,63682,1777705575.0,
3950503,25,1,23:59:00,20260501,1777702323,6,60780,1777705610.0,
3950503,25,1,23:59:00,20260501,1777702323,7,60781,1777705653.0,1777705653.0
3950503,25,1,23:59:00,20260501,1777702323,8,60782,1777705679.0,
3950503,25,1,23:59:00,20260501,1777702323,9,60783,1777705695.0,
3950503,25,1,23:59:00,20260501,1777702323,10,60784,1777705741.0,
3950503,25,1,23:59:00,20260501,1777702323,11,60785,1777705766.0,
3950503,25,1,23:59:00,20260501,1777702323,12,60786,1777705793.0,
3950503,25,1,23:59:00,20260501,1777702323,13,60787,1777705836.0,
3950503,25,1,23:59:00,20260501,1777702323,14,60789,1777705881.0,1777705881.0
3950503,25,1,23:59:00,20260501,1777702323,15,60790,1777705990.0,
3950503,25,1,23:59:00,20260501,1777702323,16,60791,1777706023.0,
3950503,25,1,23:59:00,20260501,1777702323,17,65824,1777706072.0,
3950503,25,1,23:59:00,20260501,1777702323,18,60792,1777706124.0,
3950503,25,1,23:59:00,20260501,1777702323,19,60793,1777706167.0,
3950503,25,1,23:59:00,20260501,1777702323,20,60794,1777706193.0,
3950503,25,1,23:59:00,20260501,1777702323,21,60795,1777706214.0,
3950503,25,1,23:59:00,20260501,1777702323,22,60796,1777706252.0,1777706340.0
3950503,25,1,23:59:00,20260501,1777702323,23,60797,1777706401.0,
3950503,25,1,23:59:00,20260501,1777702323,24,60798,1777706442.0,
3954487,Rapid 522,0,21:51:00,20260501,1777702323,23,60418,1777702318.0,
3954487,Rapid 522,0,21:51:00,20260501,1777702323,24,60420,1777702395.0,
3954487,Rapid 522,0,21:51:00,20260501,1777702323,25,65856,1777702651.0,
3954487,Rapid 522,0,21:51:00,20260501,1777702323,26,65858,1777702788.0,
3954487,Rapid 522,0,21:51:00,20260501,1777702323,27,65846,1777702932.0,
3954487,Rapid 522,0,21:51:00,20260501,1777702323,28,64579,1777703122.0,
3954487,Rapid 522,0,21:51:00,20260501,1777702323,29,61884,1777703233.0,
3954487,Rapid 522,0,21:51:00,20260501,1777702323,30,65812,1777703432.0,
3954497,Rapid 522,0,22:13:00,20260501,1777702323,19,60408,1777702284.0,
3954497,Rapid 522,0,22:13:00,20260501,1777702323,20,60410,1777702356.0,
3954497,Rapid 522,0,22:13:00,20260501,1777702323,21,65850,1777702739.0,
3954497,Rapid 522,0,22:13:00,20260501,1777702323,22,60413,1777702861.0,
3954497,Rapid 522,0,22:13:00,20260501,1777702323,23,60418,1777702985.0,
3954497,Rapid 522,0,22:13:00,20260501,1777702323,24,60420,1777703054.0,
3954497,Rapid 522,0,22:13:00,20260501,1777702323,25,65856,1777703258.0,
3954497,Rapid 522,0,22:13:00,20260501,1777702323,26,65858,1777703382.0,
3954497,Rapid 522,0,22:13:00,20260501,1777702323,27,65846,1777703546.0,
3954497,Rapid 522,0,22:13:00,20260501,1777702323,28,64579,1777703721.0,
3954497,Rapid 522,0,22:13:00,20260501,1777702323,29,61884,1777703831.0,
3954497,Rapid 522,0,22:13:00,20260501,1777702323,30,65812,1777704029.0,
3954558,Rapid 522,1,21:48:00,20260501,1777702323,27,60511,1777702124.0,
3954558,Rapid 522,1,21:48:00,20260501,1777702323,28,60512,1777702150.0,
3954558,Rapid 522,1,21:48:00,20260501,1777702323,29,60517,1777702334.0,
3954558,Rapid 522,1,21:48:00,20260501,1777702323,30,60519,1777702432.0,
3954564,Rapid 522,1,22:08:00,20260501,1777702323,22,60484,1777702355.0,
3954564,Rapid 522,1,22:08:00,20260501,1777702323,23,60489,1777702629.0,
3954564,Rapid 522,1,22:08:00,20260501,1777702323,24,60494,1777702935.0,
3954564,Rapid 522,1,22:08:00,20260501,1777702323,25,60500,1777703222.0,
3954564,Rapid 522,1,22:08:00,20260501,1777702323,26,60504,1777703451.0,
3954564,Rapid 522,1,22:08:00,20260501,1777702323,27,60511,1777703622.0,
3954564,Rapid 522,1,22:08:00,20260501,1777702323,28,60512,1777703657.0,
3954564,Rapid 522,1,22:08:00,20260501,1777702323,29,60517,1777703844.0,
3954564,Rapid 522,1,22:08:00,20260501,1777702323,30,60519,1777703919.0,
3955351,Rapid 523,0,22:32:00,20260501,1777702323,20,64650,1777702341.0,
3955351,Rapid 523,0,22:32:00,20260501,1777702323,21,65740,1777702415.0,
3955351,Rapid 523,0,22:32:00,20260501,1777702323,22,60594,1777702544.0,
3955351,Rapid 523,0,22:32:00,20260501,1777702323,23,60600,1777702667.0,
3955351,Rapid 523,0,22:32:00,20260501,1777702323,24,60603,1777702812.0,
3955351,Rapid 523,0,22:32:00,20260501,1777702323,25,60607,1777702978.0,
3955351,Rapid 523,0,22:32:00,20260501,1777702323,26,65459,1777703046.0,
3955351,Rapid 523,0,22:32:00,20260501,1777702323,27,65850,1777703246.0,
3955351,Rapid 523,0,22:32:00,20260501,1777702323,28,60413,1777703357.0,
3955351,Rapid 523,0,22:32:00,20260501,1777702323,29,62943,1777703415.0,
3955397,Rapid 523,1,22:48:00,20260501,1777702323,13,60651,1777702126.0,
3955397,Rapid 523,1,22:48:00,20260501,1777702323,14,60653,1777702258.0,
3955397,Rapid 523,1,22:48:00,20260501,1777702323,15,60656,1777702322.0,
3955397,Rapid 523,1,22:48:00,20260501,1777702323,16,60660,1777702448.0,
3955397,Rapid 523,1,22:48:00,20260501,1777702323,17,62162,1777702541.0,
3957729,60,0,22:14:00,20260501,1777702323,50,65882,1777702306.0,
3957730,60,0,22:46:00,20260501,1777702323,29,64543,1777702360.0,
3957730,60,0,22:46:00,20260501,1777702323,30,64545,1777702436.0,1777702440.0
3957730,60,0,22:46:00,20260501,1777702323,31,60008,1777702729.0,1777702740.0
3957730,60,0,22:46:00,20260501,1777702323,32,66019,1777702828.0,1777702860.0
3957730,60,0,22:46:00,20260501,1777702323,33,65952,1777702992.0,
3957730,60,0,22:46:00,20260501,1777702323,34,65867,1777703045.0,1777703160.0
3957730,60,0,22:46:00,20260501,1777702323,35,65954,1777703226.0,
3957730,60,0,22:46:00,20260501,1777702323,36,62636,1777703266.0,
3957730,60,0,22:46:00,20260501,1777702323,37,62638,1777703290.0,
3957730,60,0,22:46:00,20260501,1777702323,38,62639,1777703329.0,
3957730,60,0,22:46:00,20260501,1777702323,39,62640,1777703397.0,
3957730,60,0,22:46:00,20260501,1777702323,40,62641,1777703465.0,1777703580.0
3957730,60,0,22:46:00,20260501,1777702323,41,62642,1777703600.0,
3957730,60,0,22:46:00,20260501,1777702323,42,65815,1777703660.0,
3957730,60,0,22:46:00,20260501,1777702323,43,63918,1777703692.0,
3957730,60,0,22:46:00,20260501,1777702323,44,63919,1777703717.0,
3957730,60,0,22:46:00,20260501,1777702323,45,63920,1777703736.0,
3957730,60,0,22:46:00,20260501,1777702323,46,63921,1777703762.0,
3957730,60,0,22:46:00,20260501,1777702323,47,63922,1777703790.0,
3957730,60,0,22:46:00,20260501,1777702323,48,63923,1777703812.0,
3957730,60,0,22:46:00,20260501,1777702323,49,63926,1777703834.0,
3957730,60,0,22:46:00,20260501,1777702323,50,65882,1777703934.0,
3957787,60,0,23:39:00,20260501,1777702323,1,65397,,1777703940.0
3957787,60,0,23:39:00,20260501,1777702323,2,62706,1777704007.0,
3957787,60,0,23:39:00,20260501,1777702323,3,62707,1777704041.0,
3957787,60,0,23:39:00,20260501,1777702323,4,62708,1777704068.0,1777704120.0
3957787,60,0,23:39:00,20260501,1777702323,5,62709,1777704138.0,
3957787,60,0,23:39:00,20260501,1777702323,6,62710,1777704154.0,
3957787,60,0,23:39:00,20260501,1777702323,7,62711,1777704202.0,
3957787,60,0,23:39:00,20260501,1777702323,8,62712,1777704221.0,
3957787,60,0,23:39:00,20260501,1777702323,9,62713,1777704249.0,
3957787,60,0,23:39:00,20260501,1777702323,10,62714,1777704297.0,
3957787,60,0,23:39:00,20260501,1777702323,11,62095,1777704324.0,1777704480.0
3957787,60,0,23:39:00,20260501,1777702323,12,60722,1777704490.0,
3957787,60,0,23:39:00,20260501,1777702323,13,62716,1777704509.0,
3957787,60,0,23:39:00,20260501,1777702323,14,62717,1777704539.0,
3957787,60,0,23:39:00,20260501,1777702323,15,62718,1777704562.0,
3957787,60,0,23:39:00,20260501,1777702323,16,65907,1777704617.0,1777704720.0
3957787,60,0,23:39:00,20260501,1777702323,17,64927,1777704721.0,
3957787,60,0,23:39:00,20260501,1777702323,18,62720,1777704773.0,
3957787,60,0,23:39:00,20260501,1777702323,19,62721,1777704787.0,
3957787,60,0,23:39:00,20260501,1777702323,20,62722,1777704809.0,
3957787,60,0,23:39:00,20260501,1777702323,21,62723,1777704837.0,
3957787,60,0,23:39:00,20260501,1777702323,22,62725,1777704905.0,
3957787,60,0,23:39:00,20260501,1777702323,23,62726,1777704962.0,
3957787,60,0,23:39:00,20260501,1777702323,24,60464,1777705020.0,1777705080.0
3957787,60,0,23:39:00,20260501,1777702323,25,61472,1777705080.0,
3957787,60,0,23:39:00,20260501,1777702323,26,61473,1777705120.0,
3957787,60,0,23:39:00,20260501,1777702323,27,60391,1777705160.0,
3957787,60,0,23:39:00,20260501,1777702323,28,65228,1777705232.0,1777705380.0
3957787,60,0,23:39:00,20260501,1777702323,29,64543,1777705481.0,
3957787,60,0,23:39:00,20260501,1777702323,30,64545,1777705545.0,1777705560.0
3957787,60,0,23:39:00,20260501,1777702323,31,60008,1777705824.0,1777705860.0
3957787,60,0,23:39:00,20260501,1777702323,32,66019,1777705937.0,1777705980.0
3957787,60,0,23:39:00,20260501,1777702323,33,65952,1777706119.0,
3957787,60,0,23:39:00,20260501,1777702323,34,65867,1777706167.0,
3957799,60,1,22:34:00,20260501,1777702323,26,61475,1777702326.0,
3957799,60,1,22:34:00,20260501,1777702323,27,60387,1777702364.0,1777702364.0
3957799,60,1,22:34:00,20260501,1777702323,28,62746,1777702410.0,
3957799,60,1,22:34:00,20260501,1777702323,29,62747,1777702445.0,
3957799,60,1,22:34:00,20260501,1777702323,30,62748,1777702492.0,
3957799,60,1,22:34:00,20260501,1777702323,31,62749,1777702530.0,
3957799,60,1,22:34:00,20260501,1777702323,32,62750,1777702556.0,
3957799,60,1,22:34:00,20260501,1777702323,33,62751,1777702573.0,
3957799,60,1,22:34:00,20260501,1777702323,34,61618,1777702606.0,
3957799,60,1,22:34:00,20260501,1777702323,35,64926,1777702633.0,
3957799,60,1,22:34:00,20260501,1777702323,36,62753,1777702683.0,1777702740.0
3957799,60,1,22:34:00,20260501,1777702323,37,62754,1777702761.0,
3957799,60,1,22:34:00,20260501,1777702323,38,60822,1777702805.0,
3957799,60,1,22:34:00,20260501,1777702323,39,60823,1777702823.0,
3957799,60,1,22:34:00,20260501,1777702323,40,62755,1777702866.0,1777702920.0
3957799,60,1,22:34:00,20260501,1777702323,41,62756,1777702920.0,
3957799,60,1,22:34:00,20260501,1777702323,42,62757,1777702951.0,
3957799,60,1,22:34:00,20260501,1777702323,43,62758,1777703005.0,
3957799,60,1,22:34:00,20260501,1777702323,44,62760,1777703076.0,
3957799,60,1,22:34:00,20260501,1777702323,45,62761,1777703100.0,
3957799,60,1,22:34:00,20260501,1777702323,46,62762,1777703117.0,1777703160.0
3957799,60,1,22:34:00,20260501,1777702323,47,62764,1777703160.0,
3957799,60,1,22:34:00,20260501,1777702323,48,62765,1777703173.0,
3957799,60,1,22:34:00,20260501,1777702323,49,65397,1777703226.0,
3957801,60,1,23:39:00,20260501,1777702323,1,65882,,1777703940.0
3957801,60,1,23:39:00,20260501,1777702323,2,64585,1777704151.0,
3957801,60,1,23:39:00,20260501,1777702323,3,63942,1777704245.0,
3957801,60,1,23:39:00,20260501,1777702323,4,63943,1777704281.0,
3957801,60,1,23:39:00,20260501,1777702323,5,63944,1777704294.0,
3957801,60,1,23:39:00,20260501,1777702323,6,63945,1777704330.0,
3957801,60,1,23:39:00,20260501,1777702323,7,63946,1777704342.0,
3957801,60,1,23:39:00,20260501,1777702323,8,63947,1777704368.0,
3957801,60,1,23:39:00,20260501,1777702323,9,62672,1777704410.0,
3957801,60,1,23:39:00,20260501,1777702323,10,62673,1777704443.0,
3957801,60,1,23:39:00,20260501,1777702323,11,62674,1777704487.0,1777704487.0
3957801,60,1,23:39:00,20260501,1777702323,12,62675,1777704520.0,
3957801,60,1,23:39:00,20260501,1777702323,13,62676,1777704589.0,
3957801,60,1,23:39:00,20260501,1777702323,14,65953,1777704689.0,
3957801,60,1,23:39:00,20260501,1777702323,15,60014,1777704723.0,1777704840.0
3957801,60,1,23:39:00,20260501,1777702323,16,64656,1777704906.0,
3957801,60,1,23:39:00,20260501,1777702323,17,60008,1777705071.0,1777705080.0
3957801,60,1,23:39:00,20260501,1777702323,18,60011,1777705169.0,1777705200.0
3957801,60,1,23:39:00,20260501,1777702323,19,64522,1777705386.0,
3957801,60,1,23:39:00,20260501,1777702323,20,64523,1777705419.0,1777705440.0
3957801,60,1,23:39:00,20260501,1777702323,21,64524,1777705475.0,
3957801,60,1,23:39:00,20260501,1777702323,22,60020,1777705592.0,
3957801,60,1,23:39:00,20260501,1777702323,23,65843,1777705703.0,1777705800.0
3957801,60,1,23:39:00,20260501,1777702323,24,60461,1777705869.0,
3957801,60,1,23:39:00,20260501,1777702323,25,65788,1777705926.0,
3957801,60,1,23:39:00,20260501,1777702323,26,61475,1777705942.0,
3957801,60,1,23:39:00,20260501,1777702323,27,60387,1777705979.0,1777706040.0
3957801,60,1,23:39:00,20260501,1777702323,28,62746,1777706048.0,
3957801,60,1,23:39:00,20260501,1777702323,29,62747,1777706082.0,
3957801,60,1,23:39:00,20260501,1777702323,30,62748,1777706127.0,
3957801,60,1,23:39:00,20260501,1777702323,31,62749,1777706166.0,
3957801,60,1,23:39:00,20260501,1777702323,32,62750,1777706188.0,
3957801,60,1,23:39:00,20260501,1777702323,33,62751,1777706205.0,
3957801,60,1,23:39:00,20260501,1777702323,34,61618,1777706235.0,
3957801,60,1,23:39:00,20260501,1777702323,35,64926,1777706264.0,
3957801,60,1,23:39:00,20260501,1777702323,36,62753,1777706308.0,1777706460.0
3957801,60,1,23:39:00,20260501,1777702323,37,62754,1777706460.0,
3957801,60,1,23:39:00,20260501,1777702323,38,60822,1777706489.0,
3957801,60,1,23:39:00,20260501,1777702323,39,60823,1777706510.0,
